customerID,Churn
7730-CLDSV,0.15
7801-CEDNV,0.21799999999999997
1989-PRJHP,0.35699999999999993
5127-BZENZ,0.187
1513-XNPPH,0.31999999999999995
3987-KQDDU,0.33799999999999997
6061-PQHMK,0.15991666666666665
6692-YQHXC,0.32999999999999996
3834-XUIFC,0.327
9189-JWSHV,0.39099999999999996
3007-FDPEA,0.261
9068-VPWQQ,0.14100000000000001
7831-QGOXH,0.43699999999999994
1942-OQFRW,0.29700000000000004
6766-HFKLA,0.17
3275-RHRNE,0.26
7065-YUNRY,0.259
5248-KWLAR,0.11000000000000001
2250-IVBWA,0.272
2761-XECQW,0.299
6075-QMNRR,0.236
2114-MGINA,0.362
5220-AGAAX,0.122
0559-CKHUS,0.12098333333333336
0426-TIRNE,0.20873333333333335
2178-PMGCJ,0.308
7013-PSXHK,0.308
2211-RMNHO,0.11199999999999999
5734-EJKXG,0.337
8625-AZYZY,0.48100000000000004
9508-ILZDG,0.41800000000000004
8929-KSWIH,0.21000000000000002
8818-DOPVL,0.367
8410-BGQXN,0.26621666666666666
7225-IILWY,0.121
9965-YOKZB,0.32799999999999996
2107-FBPTK,0.367
3027-YNWZU,0.095
9732-OUYRN,0.15375
2303-PJYHN,0.2559166666666667
2208-UGTGR,0.41800000000000004
7663-RGWBC,0.253
7075-BNDVQ,0.20500000000000002
4729-XKASR,0.30700000000000005
8580-QVLOC,0.27699999999999997
1964-SVLEA,0.175
7434-SHXLS,0.20873333333333335
3845-JHAMY,0.278
7892-QVYKW,0.404
5673-FSSMF,0.29900000000000004
3748-FVMZZ,0.264
3106-ULWFW,0.332
9907-SWKKF,0.261
0602-DDUML,0.123
2788-CJQAQ,0.188
7274-RTAPZ,0.397
1629-DQQVB,0.221
7786-WBJYI,0.326
4361-FEBGN,0.1242
8058-JMEQO,0.31800000000000006
7711-YIJWC,0.29000000000000004
8915-NNTRC,0.173
5913-INRQV,0.24
6022-KOUQO,0.23399999999999999
2664-XJZNO,0.15899999999999997
3070-BDOQC,0.17
3612-YUNGG,0.172
8043-PNYSD,0.121
9972-NKTFD,0.21200000000000002
2397-BRLOM,0.41
2573-GYRUU,0.318
1352-VHKAJ,0.288
8259-DZLIZ,0.202
4514-GFCFI,0.417
5339-TJFEK,0.24700000000000003
4081-DYXAV,0.304
4525-VZCZG,0.296
6637-KYRCV,0.292
6719-FGEDO,0.159
5153-LXKDT,0.197
2898-LSJGD,0.242
2789-CZANW,0.14
9909-DFRJA,0.31999999999999995
7730-IUTDZ,0.32999999999999996
2186-QZEYA,0.231
8313-AFGBW,0.178
1494-EJZDW,0.10900000000000001
1641-BYBTK,0.29579999999999995
3946-MHCZW,0.252
8806-EAGWC,0.315
9040-KZVWO,0.23600000000000004
9919-KNPOO,0.371
0407-BDJKB,0.5559999999999999
6789-HJBWG,0.29600000000000004
7175-NTIXE,0.2
9565-AXSMR,0.121
3354-OADJP,0.211
7980-MHFLQ,0.10999999999999999
4840-ORQXB,0.385
1402-PTHGN,0.15000000000000002
4446-BZKHU,0.48100000000000004
6994-ORCWG,0.21400000000000002
2153-MREFK,0.28700000000000003
9861-PDSZP,0.17
9481-SFCQY,0.297
1309-XGFSN,0.3
0743-HRVFF,0.252
1850-AKQEP,0.256
9308-ANMVE,0.23700000000000002
8080-DDEMJ,0.289
9330-DHBFL,0.148
9931-DCEZH,0.23700000000000002
7020-OZKXZ,0.286
1699-UOTXU,0.127
4872-VXRIL,0.23899999999999996
7860-KSUGX,0.134
8158-WPEZG,0.269
8920-NAVAY,0.395
6087-MVHJH,0.33099999999999996
1852-QSWCD,0.122
3522-CDKHF,0.282
7363-QTBIW,0.348
2608-BHKFN,0.33599999999999997
2157-MXBJS,0.304
6910-HADCM,0.33599999999999997
5442-PPTJY,0.124
8815-LMFLX,0.284
4636-JGAAI,0.33399999999999996
5960-WPXQM,0.404
4547-KQRTM,0.336
8903-WMRNW,0.33199999999999996
8064-RAVOH,0.296
9763-PDTKK,0.231
2017-CCBLH,0.10640000000000001
4193-ORFCL,0.256
7541-YLXCL,0.298
2581-VKIRT,0.179
3594-IVHJZ,0.2544
0897-FEGMU,0.327
3308-MHOOC,0.271
7234-KMNRQ,0.2552333333333333
1960-UYCNN,0.36900000000000005
6900-RBKER,0.215
6878-GGDWG,0.2559166666666667
0187-WZNAB,0.262
0969-RGKCU,0.1444
3190-FZATL,0.259
6917-FIJHC,0.10840000000000001
7688-AWMDX,0.135
4957-TIALW,0.22200000000000003
4338-EYCER,0.297
5366-OBVMR,0.22066666666666665
0853-NWIFK,0.29599999999999993
9798-DRYDS,0.231
3870-MQAMG,0.49399999999999994
3441-CGZJH,0.223
0650-BWOZN,0.359
5061-PBXFW,0.19
8552-OBVRU,0.231
8096-LOIST,0.29
9705-IOVQQ,0.32599999999999996
7776-QGYJC,0.264
3298-QEICA,0.08600000000000001
6463-HHXJR,0.132
2984-AFWNC,0.45499999999999996
1384-RCUXW,0.32399999999999995
4659-NZRUF,0.259
5980-BDHPY,0.186
9828-AOQLM,0.29100000000000004
6769-DCQLI,0.5109999999999999
7145-FEJWU,0.5209999999999999
9938-ZREHM,0.304
0744-GKNGE,0.24200000000000005
8979-CAMGB,0.403
1866-DIOQZ,0.313
5419-KLXBN,0.42300000000000004
5522-NYKPB,0.354
8849-PRIQJ,0.257
4521-YEEHE,0.366
5993-JSUWV,0.11599999999999999
8646-JCOMS,0.25
5140-FOMCQ,0.374
3793-MMFUH,0.375
0436-TWFFZ,0.11699999999999999
2675-DHUTR,0.4720000000000001
1790-NESIO,0.11939999999999999
0496-AHOOK,0.298
2884-GBPFB,0.356
3402-XRIUO,0.202
4632-XJMEX,0.215
5707-ORNDZ,0.29100000000000004
2542-HYGIQ,0.24099999999999996
4836-WNFNO,0.095
0107-YHINA,0.502
9443-JUBUO,0.131
9814-AOUDH,0.12000000000000002
3178-FESZO,0.374
5327-CNLUQ,0.205
9746-MDMBK,0.44400000000000006
8835-VSDSE,0.356
7797-EJMDP,0.199
8280-MQRQN,0.23399999999999999
0929-PECLO,0.265
2931-VUVJN,0.219
6650-BWFRT,0.205
4318-RAJVY,0.1654
3633-CDBUW,0.27899999999999997
7636-OWBPG,0.276
7159-FVYPK,0.302
3331-HQDTW,0.293
6873-UDNLD,0.24299999999999997
7322-OCWHC,0.159
1303-SRDOK,0.16000000000000003
6032-IGALN,0.26799999999999996
2115-BFTIW,0.32199999999999995
6447-EGDIV,0.17556666666666665
2632-TACXW,0.10200000000000001
1222-KJNZD,0.256
7721-JXEAW,0.27799999999999997
8378-LKJAF,0.55
8443-ZRDBZ,0.37
2192-CKRLV,0.11699999999999999
1845-ZLLIG,0.252
3030-YDNRM,0.37
9168-INPSZ,0.41000000000000003
1658-TJVOA,0.296
4213-HKBJO,0.11258333333333334
3617-XLSGQ,0.153
4123-FCVCB,0.296
7657-DYEPJ,0.29399999999999993
4154-AQUGT,0.288
2040-XBAVJ,0.184
4441-NIHPT,0.311
6532-YLWSI,0.16599999999999998
9620-ENEJV,0.327
7011-CVEUC,0.356
8747-UDCOI,0.11400000000000002
2402-TAIRZ,0.272
7010-BRBUU,0.10500000000000001
5539-TMZLF,0.33999999999999997
1432-FPAXX,0.317
7239-HZZCX,0.238
8357-EQXFO,0.348
6671-NGWON,0.20473333333333335
3594-BDSOA,0.15158333333333332
1209-VFFOC,0.09200000000000001
6688-UZPWD,0.4109999999999999
5208-HFSBT,0.24500000000000002
1137-DGOWI,0.244
3663-MITLP,0.4149999999999999
6015-VVHHE,0.34900000000000003
5394-SVGJV,0.42000000000000004
0411-EZJZE,0.34199999999999997
7284-ZZLOH,0.138
7527-QNRUS,0.124
2516-VQRRV,0.32199999999999995
7544-ZVIKX,0.333
8869-LIHMK,0.20400000000000001
3642-BYHDO,0.1
8885-QSQBX,0.223
0484-JPBRU,0.2524666666666667
6996-KNSML,0.328
9058-MJLZC,0.2899999999999999
8519-IMDHU,0.35
2972-YDYUW,0.38499999999999995
5052-PNLOS,0.426
1453-RZFON,0.205
0235-KGSLC,0.35400000000000004
8051-HJRLT,0.346
2452-SNHFZ,0.29000000000000004
6732-FZUGP,0.273
7644-OMVMY,0.2925857142857143
0536-ESJEP,0.162
9603-OAIHC,0.33999999999999997
8510-BBWMU,0.17221666666666666
3489-HHPFY,0.42800000000000005
9501-UKKNL,0.263
4922-CVPDX,0.188
5449-FIBXJ,0.4720000000000001
1355-KUSBG,0.332
7602-MVRMB,0.162
4349-GFQHK,0.30100000000000005
1406-PUQVY,0.29500000000000004
8873-TMKGR,0.19690000000000002
9391-TTOYH,0.25598333333333334
4445-KWOKW,0.19899999999999998
4291-YZODP,0.17083333333333334
9039-RBEEE,0.263
2860-RANUS,0.315
3237-AJGEH,0.23166666666666663
9348-ROUAI,0.135
3373-DIUUN,0.13040000000000002
5811-IWXYM,0.272
3230-JCNZS,0.14
1150-WFARN,0.16299999999999998
8819-IMISP,0.39099999999999996
0219-QAERP,0.1674
2586-CWXVV,0.293
7799-DSEWS,0.194
1020-JPQOW,0.348
5816-SCGFC,0.274
6473-ULUHT,0.22400000000000003
5599-HVLTW,0.28900000000000003
1200-TUZHR,0.317
5906-BFOZT,0.24500000000000002
0396-YCHWO,0.422
0887-WBJVH,0.354
1428-GTBJJ,0.381
7251-XFOIL,0.28900000000000003
6959-GQEGV,0.17400000000000002
8819-ZBYNA,0.188
0248-IPDFW,0.307
7328-OWMOM,0.14333333333333334
8454-AATJP,0.217
5380-XPJNZ,0.17556666666666665
8084-OIVBS,0.1674
6891-JPYFF,0.316
2550-QHZGP,0.182
6599-GZWCM,0.229
7321-ZNSLA,0.081
5073-RZGBK,0.24500000000000002
5207-PLSTK,0.20299999999999999
1761-AEZZR,0.404
7296-PIXQY,0.354
1767-CJKBA,0.11200000000000002
1043-YCUTE,0.11599999999999999
3882-IYOIJ,0.14200000000000002
6461-SZMCV,0.146
8735-IJJEG,0.255
1685-VAYJF,0.27999999999999997
8972-HJWNV,0.319
9524-EGPJC,0.362
2041-JIJCI,0.3
6161-UUUTA,0.402
3397-AVTKU,0.13999999999999999
3669-OYSJI,0.28300000000000003
9026-RNUJS,0.28200000000000003
0018-NYROU,0.356
0962-CQPWQ,0.1
3761-FLYZI,0.282
8785-EPNCG,0.269
1265-BCFEO,0.149
6746-WAUWT,0.181
1015-JPFYW,0.179
8263-QMNTJ,0.151
3813-DHBBB,0.13599999999999998
2462-XIIJB,0.453
4962-CHQPW,0.1934
0089-IIQKO,0.37
0326-VDYXE,0.35100000000000003
1934-SJVJK,0.238
0468-YRPXN,0.314
7639-OPLNG,0.135
2103-ZRXFN,0.255
6972-SNKKW,0.20473333333333335
4702-HDRKD,0.273
4803-AXVYP,0.376
8393-JMVMB,0.238
4094-NSEDU,0.375
4656-CAURT,0.11599999999999999
0423-UDIJQ,0.238
2558-BUOZZ,0.28300000000000003
5091-HFAZW,0.376
0917-EZOLA,0.33399999999999996
5981-ITEMU,0.442
0603-OLQDC,0.21400000000000002
2636-ALXXZ,0.346
3096-IZETN,0.33399999999999996
1541-ETJZO,0.23900000000000002
0225-ZORZP,0.391
8802-UNOJF,0.325
1335-MXCSE,0.122
4672-FOTSD,0.217
8436-BJUMM,0.479
7005-CCBKV,0.387
2187-PKZAY,0.31999999999999995
8659-IOOPU,0.08900000000000001
5294-IMHHT,0.328
6016-LVTJQ,0.26816666666666666
5136-RGMZO,0.274
4603-JANFB,0.35700000000000004
9481-WHGWY,0.118
9753-OYLBX,0.20873333333333335
2386-LAHRK,0.29399999999999993
1955-IBMMB,0.126
7044-YAACC,0.36
4032-RMHCI,0.177
8246-SHFGA,0.248
3923-CSIHK,0.368
7898-PDWQE,0.14300000000000002
9257-AZMTZ,0.1
3750-RNQKR,0.20973333333333333
2482-CZGBB,0.35700000000000004
2004-OCQXK,0.34900000000000003
8207-VVMYB,0.12
4837-QUSFT,0.33699999999999997
8871-JLMHM,0.142
5837-LXSDN,0.205
6834-NXDCA,0.304
7291-CDTMJ,0.252
2801-NISEI,0.21800000000000003
7927-AUXBZ,0.409
2514-GINMM,0.404
5815-HGGHV,0.21799999999999997
8316-BBQAY,0.14100000000000001
6368-NWMCE,0.24700000000000003
7056-IMHCC,0.4720000000000001
4612-THJBS,0.337
5196-WPYOW,0.179
2834-SPCJV,0.382
6537-QLGEX,0.256
0820-FNRNX,0.25
1436-ZMJAN,0.254
2560-WBWXF,0.124
1834-ABKHQ,0.196
6127-ISGTU,0.42800000000000005
7666-WKRON,0.187
5778-BVOFB,0.217
6937-GCDGQ,0.19899999999999998
6195-MELTI,0.23500000000000001
7295-JOMMD,0.29900000000000004
1776-SPBWV,0.14333333333333334
5440-VHLUL,0.40700000000000003
6173-GOLSU,0.39899999999999997
0463-TXOAK,0.119
7029-RPUAV,0.39
5724-BIDBU,0.233
7901-TBKJX,0.375
3079-BCHLN,0.1754
1530-ZTDOZ,0.251
1596-BBVTG,0.355
3128-YOVTD,0.29500000000000004
4958-GZWIY,0.29900000000000004
0516-WJVXC,0.22200000000000003
5156-UMKOW,0.26116666666666666
0909-SDHNU,0.20600000000000002
8311-UEUAB,0.158
4231-LZUYM,0.10200000000000001
5616-PRTNT,0.29500000000000004
3606-SBKRY,0.311
0607-MVMGC,0.27899999999999997
4510-PYUSH,0.275
6807-SIWJI,0.326
5843-TTHGI,0.23666666666666666
5966-EMAZU,0.315
4236-UJPWO,0.299
0354-WYROK,0.36000000000000004
8644-XLFBW,0.33999999999999997
8008-OTEZX,0.16933333333333334
1600-DILPE,0.262
6485-QXWWE,0.11000000000000001
3209-ZPKFI,0.267
1396-QWFBJ,0.322
9220-CXRSC,0.133
5223-UZAVK,0.383
1302-UHBDD,0.426
4304-XUMGI,0.16299999999999998
6633-MPWBS,0.256
5884-FBCTL,0.101
7973-DZRKH,0.142
0380-ZCSBI,0.248
5174-RNGBH,0.2456666666666667
0100-DUVFC,0.375
9139-WQQDY,0.38299999999999995
9885-CSMWE,0.38
1474-JUWSM,0.248
7802-EFKNY,0.297
9261-WDCAF,0.254
4524-QCSSM,0.209
4854-SSLTN,0.08199999999999999
2790-XUYMV,0.22999999999999998
9831-BPFRI,0.286
5939-SXWHM,0.11200000000000002
6728-WYQBC,0.24699999999999997
2623-DRYAM,0.35100000000000003
9837-BMCLM,0.404
8481-YYXWG,0.367
3707-LRWZD,0.309
7459-IMVYU,0.233
7182-OVLBJ,0.188
0464-WJTKO,0.1
6158-DWPZT,0.21200000000000002
5924-IFQTT,0.26099999999999995
5537-UXXVS,0.25233333333333335
3011-WQKSZ,0.29500000000000004
3166-PNEOF,0.16199999999999998
2650-GYRYL,0.15100000000000002
6260-ONULR,0.29100000000000004
5445-PZWGX,0.42400000000000004
9060-HJJRW,0.29900000000000004
3639-XJHKQ,0.252
6941-PMGEP,0.34900000000000003
8461-EFQYM,0.21006666666666662
2219-MVUSO,0.25400000000000006
8149-RSOUN,0.4029999999999999
2722-JMONI,0.236
2882-DDZPG,0.24899999999999997
0023-UYUPN,0.1694
0040-HALCW,0.10400000000000001
9975-GPKZU,0.10840000000000001
5640-CAXOA,0.28300000000000003
9061-TIHDA,0.45
7128-GGCNO,0.328
9135-MGVPY,0.097
8819-WFGGJ,0.182
4137-JOPHL,0.17200000000000001
8024-XNAFQ,0.14600000000000002
5387-ASZNZ,0.24
2229-VWQJH,0.251
7124-UGSUR,0.328
8439-LTUGF,0.259
4703-MQYKT,0.125
5451-MHQOF,0.169
7579-OOPEC,0.246
1583-IHQZE,0.40099999999999997
1608-GMEWB,0.333
5915-ANOEI,0.08399999999999999
3745-HRPHI,0.125
0056-EPFBG,0.1
4039-PIMHX,0.15400000000000003
7596-LDUXP,0.275
8100-HZZLJ,0.21200000000000002
5649-RXQTV,0.4029999999999999
5384-ZTTWP,0.24700000000000003
9128-CPXKI,0.168
0769-MURVM,0.10600000000000001
1830-GGFNM,0.152
4588-YBNIB,0.2534
7026-YMSBE,0.19790000000000002
5956-YHHRX,0.409
5197-LQXXH,0.14400000000000002
5849-ASHZJ,0.15839999999999999
3518-PZXZQ,0.28500000000000003
5151-HQRDG,0.192
4390-KYULV,0.26599999999999996
1227-UDMZR,0.161
4021-RQSNY,0.46699999999999997
4323-ELYYB,0.173
6689-KXGBO,0.268
1723-HKXJQ,0.45199999999999996
0628-CNQRM,0.22800000000000004
6869-FGJJC,0.253
4531-AUZNK,0.20800000000000002
0575-CUQOV,0.35300000000000004
2858-EIMXH,0.31000000000000005
0541-FITGH,0.20400000000000001
1623-NLDOT,0.256
7377-DMMRI,0.244
5329-KRDTM,0.16799999999999998
6651-RLGGM,0.121
9617-INGJY,0.30700000000000005
6418-PIQSP,0.084
5944-UGLLK,0.313
9668-PUGNU,0.13999999999999999
7389-KBFIT,0.284
1269-FOYWN,0.1454
0674-DGMAQ,0.357
2546-KZAAT,0.22999999999999998
5989-AXPUC,0.10600000000000001
7427-AUFPY,0.12000000000000002
5574-NXZIU,0.24300000000000002
3530-CRZSB,0.20473333333333335
7446-SFAOA,0.16358333333333333
4086-ATNFV,0.17800000000000002
8540-ZQGEA,0.10400000000000001
9544-PYPSJ,0.31100000000000005
4452-ROHMO,0.11040000000000001
9127-FHJBZ,0.155
0397-GZBBC,0.404
9256-JTBNZ,0.24899999999999997
2672-DZUOY,0.30500000000000005
5095-ETBRJ,0.086
0103-CSITQ,0.41100000000000003
6352-GIGGQ,0.39
8879-XUAHX,0.151
9631-XEYKE,0.26399999999999996
6116-RFVHN,0.327
6723-CEGQI,0.132
3969-JQABI,0.25200000000000006
7623-HKYRK,0.253
4274-OWWYO,0.38
6893-ODYYE,0.30700000000000005
5027-QPKTE,0.358
4644-OBGFZ,0.17099999999999999
5035-BVCXS,0.328
4077-HWUYD,0.149
0463-WZZKO,0.263
4137-BTIKL,0.299
4121-AGSIN,0.132
4881-GQJTW,0.24900000000000003
2815-CPTUL,0.321
1475-VWVDO,0.326
3251-YMVWZ,0.15899999999999997
4430-UZIPO,0.22000000000000003
0680-DFNNY,0.437
5382-TEMLV,0.233
1642-HMARX,0.095
5970-GHJAW,0.10840000000000001
0661-WCQNQ,0.24700000000000003
9619-GSATL,0.26
5419-CONWX,0.282
7029-IJEJK,0.24900000000000003
0744-BIKKF,0.181
1298-PHBTI,0.164
3620-EHIMZ,0.10700000000000001
1678-FYZOW,0.383
0201-OAMXR,0.51
7722-VJRQD,0.128
6298-QDFNH,0.39099999999999996
3724-UCSHY,0.24300000000000002
1052-QJIBV,0.092
0931-MHTEM,0.347
7369-TRPFD,0.188
1971-DTCZB,0.161
5533-NHFRF,0.273
7766-CLTIC,0.24300000000000002
0793-TWELN,0.302
5136-KCKGI,0.275
3090-LETTY,0.21799999999999997
4822-NGOCH,0.381
9786-IJYDL,0.10300000000000001
8383-SGHJU,0.22800000000000004
8016-ZMGMO,0.22800000000000004
6114-TCFID,0.22599999999999998
9504-YAZWB,0.10640000000000001
1965-DDBWU,0.32
4538-WNTMJ,0.16699999999999998
0570-BFQHT,0.358
1208-DNHLN,0.21800000000000003
6416-TVAIH,0.351
0895-UADGO,0.133
4570-QHXHL,0.29
3018-TFTSU,0.312
3059-NGMXB,0.20500000000000002
3546-GHEAE,0.12000000000000002
4083-BFNYK,0.31100000000000005
8387-MOJJT,0.399
1768-HNVGJ,0.21799999999999997
3870-SPZSI,0.16299999999999998
9531-NSBMR,0.16058333333333336
4484-CGXFK,0.29
8705-DWKTI,0.291
0013-MHZWF,0.229
7615-ESMYF,0.375
0019-EFAEP,0.184
6712-OAWRH,0.361
3703-VAVCL,0.325
0015-UOCOJ,0.242
4918-QLLIW,0.32999999999999996
5899-MQZZL,0.31566666666666665
3866-MDTUB,0.219
0999-QXNSA,0.271
8639-NHQEI,0.15399999999999997
5334-JLAXU,0.27
1265-HVPZB,0.268
1703-MGIAB,0.254
6234-PFPXL,0.329
2916-BQZLN,0.294
7808-DVWEP,0.24099999999999996
1084-UQCHV,0.33399999999999996
6635-MYYYZ,0.339
8125-QPFJD,0.151
2302-ANTDP,0.396
7854-FOKSF,0.306
3537-RYBHH,0.217
2054-PJOCK,0.30700000000000005
1143-NMNQJ,0.343
0002-ORFBO,0.22000000000000003
7722-CVFXN,0.364
3824-RHKVR,0.24
5789-LDFXO,0.2609
4877-TSOFF,0.242
0825-CPPQH,0.10400000000000001
9606-PBKBQ,0.352
5206-HPJKM,0.254
5141-ZUVBH,0.261
0301-FIDRB,0.11800000000000002
5542-TBBWB,0.35700000000000004
3733-LSYCE,0.306
6968-GMKPR,0.348
4774-HHGGS,0.1244
9375-MHRRS,0.22200000000000003
6179-GJPSO,0.31399999999999995
5930-GBIWP,0.14600000000000002
5955-ERIHD,0.422
8118-LSUEL,0.409
3658-KIBGF,0.24099999999999996
2165-VOEGB,0.355
6990-YNRIO,0.2
1666-JXLKU,0.377
6416-YJTTB,0.314
1093-YSWCA,0.12200000000000003
0378-XSZPU,0.255
5641-DMBFJ,0.099
0455-XFASS,0.358
1086-LXKFY,0.341
0310-VQXAM,0.238
3508-VLHCZ,0.135
3871-IKPYH,0.346
2176-LVPNX,0.125
4567-AKPIA,0.32
3800-LYTRK,0.201
5324-KTGCG,0.21200000000000002
0386-CWRGM,0.11433333333333336
0188-GWFLE,0.24100000000000002
6806-YDEUL,0.23700000000000002
2235-EZAIK,0.13599999999999998
9802-CAQUT,0.13599999999999998
4203-QGNZA,0.24683333333333338
8620-RJPZN,0.24139999999999998
8562-GHPPI,0.24099999999999996
2792-LSHWX,0.259
4685-TFLLS,0.14300000000000002
3992-YWPKO,0.33499999999999996
6295-OSINB,0.151
9365-SRSZE,0.36
4132-KALRO,0.34500000000000003
4373-VVHQL,0.29500000000000004
7067-KSAZT,0.379
6435-SRWBJ,0.395
1394-SUIUH,0.264
4432-ADRLB,0.267
4986-MXSFP,0.2544
4001-TSBTV,0.484
4915-BFSXL,0.128
4855-SNKMY,0.288
6124-ACRHJ,0.20873333333333335
8129-GMVGI,0.10700000000000001
7108-DGVUU,0.24100000000000002
8417-GSODA,0.317
4086-YQSNZ,0.413
4116-IQRFR,0.14539999999999997
0258-NOKBL,0.42300000000000004
9961-JBNMK,0.29000000000000004
3680-CTHUH,0.4779999999999999
6288-LBEAR,0.31799999999999995
8245-UMPYT,0.375
7503-EPSZW,0.123
8058-DMYRU,0.315
3506-LCJDC,0.21900000000000003
8853-TZDGH,0.17400000000000002
2368-GAKKQ,0.20400000000000001
8681-ICONS,0.298
2074-GUHPQ,0.316
6778-EICRF,0.24500000000000002
3533-UVMOM,0.14
8189-HBVRW,0.30400000000000005
1271-UODNO,0.17099999999999999
8720-RQSBJ,0.289
3120-FAZKD,0.122
5622-UEJFI,0.10258333333333333
9154-QDGTH,0.326
8445-DNBAE,0.322
2984-MIIZL,0.30300000000000005
5914-GXMDA,0.17514999999999997
9158-VCTQB,0.335
8999-BOHSE,0.361
3948-XHGNA,0.233
6954-OOYZZ,0.25999999999999995
7526-BEZQB,0.445
3348-CFRNX,0.262
6313-GIDIT,0.30399999999999994
2081-VEYEH,0.37
2012-NWRPA,0.362
7771-ZONAT,0.153
3763-GCZHZ,0.446
0567-GGCAC,0.20600000000000002
3092-IGHWF,0.37
8945-GRKHX,0.37
8329-GWVPJ,0.32
5406-KGRMX,0.1244
1216-BGTSP,0.29200000000000004
5130-IEKQT,0.43200000000000005
9755-JHNMN,0.132
8111-SLLHI,0.487
5110-CHOPY,0.126
1099-BTKWT,0.23099999999999996
2692-PFYTJ,0.24240000000000003
1821-BUCWY,0.11800000000000002
1621-YNCJH,0.173
2371-JUNGC,0.238
8309-IEYJD,0.33899999999999997
3540-RZJYU,0.35900000000000004
2040-VZIKE,0.21600000000000003
7995-ZHHNZ,0.22400000000000003
7181-BQYBV,0.318
7089-IVVAZ,0.273
6288-CHQJB,0.10600000000000001
5478-JJVZK,0.20800000000000002
1112-CUNAO,0.307
1104-FEJAM,0.287
9743-DQKQW,0.312
3423-HHXAO,0.166
2446-ZKVAF,0.24000000000000005
1053-MXTTK,0.167
8070-AAWZP,0.2535
1625-JAIIY,0.341
2294-DMMUS,0.302
0022-TCJCI,0.27399999999999997
7410-YTJIK,0.29766666666666663
5569-KGJHX,0.445
5680-LQOGP,0.131
0594-UFTUL,0.279
3283-WCWXT,0.121
4521-WFJAI,0.124
6860-YRJZP,0.336
4088-YLDSU,0.43200000000000005
7137-NAXML,0.16899999999999998
1386-ZIKUV,0.242
3689-MOZGR,0.272
2476-YGEFM,0.33399999999999996
8957-THMOA,0.11083333333333334
5759-RCVCB,0.34700000000000003
9470-YFUYI,0.27799999999999997
8984-HPEMB,0.10400000000000001
0577-WHMEV,0.304
5044-XDPYX,0.1024
3391-JSQEW,0.25200000000000006
7683-CBDKJ,0.246
4145-UQXUQ,0.32999999999999996
9239-GZHZE,0.205
2577-GVSIL,0.27199999999999996
0377-JBKKT,0.16399999999999998
3884-HCSWG,0.35
5828-AVIPD,0.354
6478-HRRCZ,0.251
0902-XKXPN,0.11099999999999999
9313-QOLTZ,0.2612333333333333
7951-VRDVK,0.339
3466-WAESX,0.192
1357-MVDOZ,0.27999999999999997
9435-JMLSX,0.173
4369-NYSCF,0.34199999999999997
9897-KXHCM,0.39
9825-YCXWZ,0.332
8292-ITGYJ,0.11299999999999999
3943-KDREE,0.317
5365-LLFYV,0.25999999999999995
1379-FRVEB,0.45200000000000007
8380-MQINP,0.10700000000000001
6979-TNDEU,0.20473333333333335
5976-JCJRH,0.358
8612-GXIDD,0.124
5067-DGXLL,0.2425
3071-MVJCD,0.13
0971-QIFJK,0.10200000000000001
9339-FIIJL,0.142
5565-FILXA,0.375
7912-SYRQT,0.317
3070-FNFZQ,0.101
6872-HXFNF,0.21200000000000002
1735-XMJVH,0.276
6900-PXRMS,0.518
7979-CORPM,0.458
4324-BZCKL,0.28
8263-JQAIK,0.272
1682-VCOIO,0.1905
3682-YEUWS,0.279
3765-JXVKY,0.384
0320-DWVTU,0.10200000000000001
5649-ANRML,0.29500000000000004
8985-OOPOS,0.29500000000000004
6347-DCUIK,0.31199999999999994
0506-LVNGN,0.28400000000000003
6360-SVNWV,0.30799999999999994
8401-EMUWF,0.238
8715-KKTFG,0.373
2245-ADZFJ,0.118
3279-DYZQM,0.121
9955-QOPOY,0.329
6839-ITVZJ,0.28500000000000003
8143-ETQTI,0.12
4646-QZXTF,0.248
5242-UOWHD,0.1277333333333333
2511-MORQY,0.2
7272-QDCKA,0.382
6771-XWBDM,0.40700000000000003
1254-IZEYF,0.392
0668-OGMHD,0.251
0125-LZQXK,0.32799999999999996
5176-LDKUH,0.263
4553-DVPZG,0.327
1439-LCGVL,0.16881666666666667
6702-OHFWR,0.261
7147-AYBAA,0.308
2659-VXMWZ,0.41600000000000004
5889-JTMUL,0.445
4079-VTGLK,0.2
4029-HPFVY,0.308
4948-WBBKL,0.314
8883-GRDWQ,0.21200000000000002
9795-VOWON,0.229
7576-JMYWV,0.258
1063-DHQJF,0.15499999999999997
3160-TYXLT,0.209
9504-DSHWM,0.19599999999999998
8434-PNQZX,0.146
1194-HVAIF,0.426
5178-LMXOP,0.45
1729-VLAZJ,0.17099999999999999
3727-JEZTU,0.20873333333333335
8387-UGUSU,0.24700000000000003
9298-WGMRW,0.22799999999999998
8868-GAGIO,0.263
8582-KRHPJ,0.219
4480-QQRHC,0.265
7762-ONLJY,0.16733333333333333
3244-CQPHU,0.17099999999999999
4293-ETKAP,0.127
2266-FUBDZ,0.124
7426-WEIJX,0.27199999999999996
8314-DPQHL,0.231
7748-UMTRK,0.376
1049-FYSYG,0.255
4355-HBJHH,0.20600000000000002
1897-OKVMW,0.09
9405-GPBBG,0.17
7249-WBIYX,0.46799999999999997
7813-ZGGAW,0.30700000000000005
7392-YYPYJ,0.45199999999999996
7938-OUHIO,0.32799999999999996
0529-ONKER,0.352
2920-RNCEZ,0.325
3722-WPXTK,0.397
0480-BIXDE,0.329
7398-SKNQZ,0.45899999999999996
5555-RNPGT,0.28099999999999997
3148-AOIQT,0.101
7130-VTEWQ,0.36
0266-CLZKZ,0.167
0384-RVBPI,0.23900000000000002
8329-IBCTI,0.20873333333333335
4716-MRVEN,0.17548333333333335
1915-OAKWD,0.14700000000000002
5397-NSKQG,0.138
9659-QEQSY,0.267
8039-ACLPL,0.11300000000000002
8621-MNIHH,0.311
4671-LXRDQ,0.255
7359-WWYJV,0.221
5996-DAOQL,0.24500000000000002
1866-RZZQS,0.375
2360-RDGRO,0.23399999999999999
2418-TPEUN,0.094
8949-JTMAY,0.372
7560-QRBXH,0.17083333333333334
9823-EALYC,0.135
5149-QYTTU,0.221
5181-OABFK,0.1
6356-ELRKD,0.292
3771-PZOBW,0.421
2038-OEQZH,0.392
5377-NDTOU,0.08600000000000001
6339-TBELP,0.175
8922-LIEGH,0.325
6582-PLFUU,0.10400000000000001
2208-NQBCT,0.277
0181-RITDD,0.11000000000000001
2223-KAGMX,0.24899999999999997
6696-YDAYZ,0.124
6131-IUNXN,0.24500000000000002
7629-WFGLW,0.242
0854-UYHZD,0.11000000000000001
3426-NIYYL,0.30100000000000005
7690-KPNCU,0.261
3012-VFFMN,0.24299999999999997
8944-AILEF,0.263
6351-SCJKT,0.19
9451-WLYRI,0.15375
6870-ZWMNX,0.127
5261-QSHQM,0.304
2625-TRCZQ,0.32999999999999996
1945-XISKS,0.10640000000000001
9378-FXTIZ,0.32199999999999995
3074-GQWYX,0.32199999999999995
5480-XTFFL,0.11633333333333336
0795-GMVQO,0.42699999999999994
3132-TVFDZ,0.35700000000000004
3221-CJMSG,0.23000000000000004
6924-TDGMT,0.17099999999999999
4939-KYYPY,0.28700000000000003
2209-XADXF,0.3
8735-NBLWT,0.256
0447-RXSGD,0.396
0928-JMXNP,0.3
4822-RVYBB,0.375
1574-DYCWE,0.10700000000000001
2172-EJXVF,0.34199999999999997
5552-ZNFSJ,0.29700000000000004
4334-HOWRP,0.158
7422-WNBTY,0.378
8406-LNMHF,0.24100000000000002
6908-VVYHM,0.355
2466-NEJOJ,0.227
2154-KVJFF,0.398
6507-ZJSUR,0.418
2121-JAFOM,0.205
3440-JPSCL,0.302
7395-IGJOS,0.37
9018-PCIOK,0.11599999999999999
3525-DVKFN,0.10973333333333332
3164-AALRN,0.282
3401-URHDA,0.253
7515-LODFU,0.10500000000000001
7115-IRDHS,0.10200000000000001
5402-HTOTQ,0.269
6999-CHVCF,0.207
9492-TOKRI,0.426
9163-GHAYE,0.268
1816-FLZDK,0.22599999999999998
5150-ITWWB,0.41200000000000003
8623-ULFNQ,0.28500000000000003
8808-ELEHO,0.32
3133-PZNSR,0.155
8739-XNIKG,0.43699999999999994
9565-DJPIB,0.42000000000000004
5693-PIPCS,0.213
9819-FBNSV,0.314
3049-NDXFL,0.30316666666666664
9659-ZTWSM,0.39299999999999996
7402-EYFXX,0.41100000000000003
0106-GHRQR,0.229
2057-BOYKM,0.139
5825-XJOCM,0.211
0197-PNKNK,0.202
4906-ZHGPK,0.254
3556-BVQGL,0.16840000000000002
8268-YDIXR,0.286
5442-UTCVD,0.42200000000000004
3898-GUYTS,0.325
6615-NGGZJ,0.45199999999999996
9272-LSVYH,0.324
9194-GFVOI,0.13999999999999999
1834-WULEG,0.173
5318-IXUZF,0.358
4832-VRBMR,0.396
9692-TUSXH,0.2899999999999999
7089-XXAYG,0.26
7503-QQRVF,0.32899999999999996
3274-NSDWE,0.11100000000000002
8144-DGHXP,0.10400000000000001
2139-FQHLM,0.33399999999999996
7619-ODSGN,0.266
0366-NQSHS,0.25483333333333336
9795-SHUHB,0.092
8150-QUDFX,0.2602333333333333
4248-QPAVC,0.29900000000000004
7993-PYKOF,0.343
4026-SKKHW,0.21400000000000002
1135-HIORI,0.375
5606-AMZBO,0.286
6429-SHBCB,0.27499999999999997
0634-SZPQA,0.341
3750-YHRYO,0.17099999999999999
7734-DBOAI,0.31100000000000005
0042-RLHYP,0.1
4146-SVFUD,0.26399999999999996
4398-HSCJH,0.318
7278-CKDNC,0.357
3055-MJDSB,0.26
0082-OQIQY,0.36
5159-YFPKQ,0.328
7504-UWHNB,0.367
2962-XPMCQ,0.297
2234-EOFPT,0.156
1047-NNCBF,0.333
5120-ZBLAI,0.255
4228-ZGYUW,0.38099999999999995
0058-EVZWM,0.31699999999999995
4782-OSFXZ,0.144
7593-JNWRU,0.24899999999999997
3086-RUCRN,0.257
0654-PQKDW,0.197
5808-TOTXO,0.14433333333333337
8183-ONMXC,0.35300000000000004
6119-SPUDB,0.10800000000000001
6174-NRBTZ,0.223
7767-UXAGJ,0.31100000000000005
2796-UUZZO,0.32599999999999996
1004-NOZNR,0.30599999999999994
0772-GYEQQ,0.31100000000000005
1536-YHDOE,0.181
5624-RYAMH,0.2694
0584-BJQGZ,0.259
7517-LDMPS,0.39
0587-DMGBH,0.23500000000000001
7587-AOVVU,0.323
4329-YPDDQ,0.324
8590-OHDIW,0.16633333333333333
7064-JHXCE,0.10400000000000001
3450-WXOAT,0.275
8727-XDPUD,0.17600000000000002
0133-BMFZO,0.303
5288-AHOUP,0.343
3181-MIZBN,0.26
3629-WEAAM,0.24500000000000002
0562-FGDCR,0.081
4393-RYCRE,0.33599999999999997
7691-XVTZH,0.229
2346-DJQTB,0.298
9588-OZDMQ,0.281
6845-RGTYS,0.4109999999999999
3068-OMWZA,0.40199999999999997
1771-OADNZ,0.357
1230-QAJDW,0.24500000000000002
9919-FZDED,0.164
5260-UMPWX,0.27
4816-LXZYW,0.398
1481-ZUWZA,0.29
9313-CDOGY,0.2740666666666666
8734-FNWVH,0.265
4006-HKYHO,0.166
3941-XTSKM,0.24499999999999997
3669-LVWZB,0.312
0536-BGFMZ,0.23064999999999997
2055-PDADH,0.34500000000000003
2988-PLAHS,0.288
5945-AZYHT,0.37
9804-ICWBG,0.35700000000000004
3707-GNWHM,0.314
7595-EUIVN,0.366
6718-BDGHG,0.244
5935-FCCNB,0.375
6772-KSATR,0.303
5171-EPLKN,0.121
4143-HHPMK,0.387
6650-VJONK,0.267
0936-NQLJU,0.10925
7426-RHZGU,0.33099999999999996
8165-CBKXO,0.207
5278-PNYOX,0.166
3280-MRDOF,0.168
9732-KPKBW,0.21600000000000003
6439-LAJXL,0.18299999999999997
9938-TKDGL,0.15
0723-FDLAY,0.34500000000000003
7801-KICAO,0.363
7530-HDYDS,0.31
4877-EVATK,0.238
8785-CJSHH,0.4109999999999999
7279-BUYWN,0.251
7161-DFHUF,0.1024
4795-KTRTH,0.38899999999999996
6741-QRLUP,0.121
8003-EWNDZ,0.2694
9068-FHQHD,0.10233333333333335
2626-URJFX,0.314
1934-MKPXS,0.1434
5016-ETTFF,0.261
4013-TLDHQ,0.34800000000000003
5597-GLBUC,0.365
0701-RFGFI,0.42699999999999994
0265-PSUAE,0.352
4238-JSSWH,0.394
5514-YQENT,0.126
9818-XQCUV,0.20956666666666662
4324-AHJKS,0.24500000000000002
1543-LLLFT,0.30599999999999994
9992-RRAMN,0.356
8496-DMZUK,0.281
6681-ZSEXG,0.14500000000000002
6654-QGBZZ,0.20873333333333335
0308-GIQJT,0.358
0016-QLJIS,0.09
9851-QXEEQ,0.466
4385-ZKVNW,0.202
6988-CJEYV,0.41800000000000004
9391-DXGGG,0.26799999999999996
4692-NNQRU,0.267
4806-KEXQR,0.372
8260-NGFNY,0.24900000000000003
9512-PHSMG,0.2794
9844-FELAJ,0.34
1768-ZAIFU,0.286
7858-GTZSP,0.343
6917-IAYHD,0.21200000000000002
9362-MWODR,0.20800000000000002
6629-LADHQ,0.19499999999999998
7554-AKDQF,0.22800000000000004
1205-WNWPJ,0.24300000000000002
5917-RYRMG,0.1524
3982-DQLUS,0.27999999999999997
5968-HYJRZ,0.121
6281-FKEWS,0.308
4918-FYJNT,0.329
2672-OJQZP,0.246
0004-TLHLJ,0.32500000000000007
3254-YRILK,0.458
0238-WHBIQ,0.14300000000000002
8631-WUXGY,0.472
5651-CPDND,0.266
5092-STPKP,0.213
7641-EUYET,0.41899999999999993
4994-OBRSZ,0.129
4654-GGUII,0.20299999999999999
7047-FWEYA,0.454
1337-BOZWO,0.221
9474-PHLYD,0.257
6397-JNZZG,0.32899999999999996
9895-VFOXH,0.248
1237-WIYYZ,0.2554
9560-ARGQJ,0.42400000000000004
1170-SASML,0.326
9055-MOJJJ,0.16499999999999998
8513-OLYGY,0.221
4139-DETXS,0.10600000000000001
3161-ONRWK,0.221
3796-ENZGF,0.122
0799-DDIHE,0.306
7156-MHUGY,0.396
4184-TJFAN,0.27399999999999997
7030-NJVDP,0.24100000000000002
4373-MAVJG,0.34900000000000003
7717-BICXI,0.121
7190-XHTWJ,0.17356666666666665
8087-LGYHQ,0.358
3814-MLAXC,0.329
6413-XKKPU,0.375
1921-KYSAY,0.321
5494-WOZRZ,0.118
2226-ICFDO,0.132
2351-BKRZW,0.11599999999999999
2001-EWBQU,0.16299999999999998
6199-IWKGC,0.34900000000000003
3097-NNSPB,0.293
5923-GXUOC,0.275
3486-KHMLI,0.25916666666666666
3372-KWFBM,0.42700000000000005
8128-YVJRG,0.269
1334-FJSVR,0.30500000000000005
7675-OZCZG,0.267
3134-DSHVC,0.158
6738-ISCBM,0.24900000000000003
5678-VFNEQ,0.329
4683-WYDOU,0.242
1051-EQPZR,0.26366666666666666
6319-QSUSR,0.256
9773-PEQBZ,0.348
3194-ORPIK,0.445
3005-TYFRD,0.40700000000000003
2718-YSKCS,0.11699999999999999
8648-PFRMP,0.341
5054-IEXZT,0.363
7733-UDMTP,0.288
6326-MTTXK,0.41800000000000004
9821-BESNZ,0.403
9490-DFPMD,0.418
7989-AWGEH,0.20199999999999996
5762-TJXGK,0.158
5732-IKGQH,0.39899999999999997
7714-YXSMB,0.371
2520-SGTTA,0.3075857142857143
9764-REAFF,0.11400000000000002
8086-OVPWV,0.372
2050-ONYDQ,0.091
7030-FZTFM,0.14500000000000002
2990-IAJSV,0.181
8178-EYZUO,0.273
1110-KYLGQ,0.329
4500-HKANN,0.126
6729-FZWSY,0.16899999999999998
8218-FFJDS,0.14700000000000002
0511-JTEOY,0.29766666666666663
5702-SKUOB,0.23641666666666666
2057-ZBLPD,0.32199999999999995
2212-LYASK,0.24499999999999997
0080-OROZO,0.375
7508-DQAKK,0.14200000000000002
3173-WSSUE,0.092
5357-TZHPP,0.308
5440-FLBQG,0.209
1371-OJCEK,0.14900000000000002
1228-FZFRV,0.45999999999999996
2773-OVBPK,0.23700000000000002
5445-UTODQ,0.38499999999999995
7860-UXCRM,0.121
9359-JANWS,0.146
2878-DHMIN,0.2024
9372-TXXPS,0.11400000000000002
5598-IKHQQ,0.11100000000000002
4223-WOZCM,0.262
7594-RQHXR,0.385
3721-CNEYS,0.35
4751-ERMAN,0.22399999999999998
6122-LJADA,0.145
9470-XCCEM,0.429
7184-LRUUR,0.227
7394-LWLYN,0.35
8152-UOBNY,0.377
8498-XXGWA,0.194
1839-FBNFR,0.11258333333333334
8902-ZEOVF,0.17973333333333336
9695-IDRZR,0.16099999999999998
4608-LCIMN,0.23200000000000004
4815-YOSUK,0.32999999999999996
4112-LUEIZ,0.39699999999999996
6257-RJOHI,0.21400000000000002
6624-JDRDS,0.23700000000000002
5277-ZLOOR,0.417
6223-DHJGV,0.17346666666666666
2828-SLQPF,0.26399999999999996
2921-XWDJH,0.253
0325-XBFAC,0.358
6303-KFWSL,0.22599999999999998
2387-KDZQY,0.177
8548-AWOFC,0.258
5908-QMGOE,0.309
0562-KBDVM,0.101
1725-MIMXW,0.271
5442-BXVND,0.2458333333333333
0384-LPITE,0.305
2450-ZKEED,0.205
0237-YFUTL,0.292
0980-FEXWF,0.23399999999999999
1991-VOPLL,0.20473333333333335
8559-WNQZS,0.123
9397-TZSHA,0.11000000000000001
3604-WLABM,0.28099999999999997
3569-JFODW,0.135
7421-ZLUPA,0.282
7225-CBZPL,0.45
7551-JOHTI,0.20873333333333335
1724-BQUHA,0.397
0412-UCCNP,0.14500000000000002
0697-ZMSWS,0.371
0263-FJTQO,0.132
3756-VNWDH,0.27499999999999997
5854-KSRBJ,0.122
2309-OSFEU,0.2739999999999999
9578-FOMUK,0.28700000000000003
0746-JTRFU,0.307
1624-NALOJ,0.315
7404-JLKQG,0.329
3389-YGYAI,0.367
7492-TAFJD,0.121
3352-RICWQ,0.10900000000000001
8917-SZTTJ,0.10400000000000001
6959-UWKHF,0.29500000000000004
6023-GSSXW,0.16
6128-CZOMY,0.28900000000000003
1862-SKORY,0.348
4566-GOLUK,0.45699999999999996
6407-UTSLV,0.292
4598-ZADCK,0.22800000000000004
4817-VYYWS,0.442
6979-ZNSFF,0.43699999999999994
3838-OZURD,0.48900000000000005
8606-OEGQZ,0.10500000000000001
3806-YAZOV,0.22298333333333337
9046-DQMTP,0.24989999999999996
4732-RRJZC,0.24300000000000002
0318-QUUOB,0.40800000000000003
6559-RAKOZ,0.354
4522-XRWWI,0.329
9209-NWPGU,0.23500000000000001
9570-KYEUA,0.23500000000000001
7833-PKIHD,0.27299999999999996
7580-UGXNC,0.21800000000000003
3714-JTVOV,0.313
2612-RRIDN,0.404
6743-HHQPF,0.277
6752-APNJL,0.198
4829-ZLJTK,0.12
7465-ZZRVX,0.35700000000000004
8854-CCVSQ,0.39099999999999996
0921-OHLVP,0.36300000000000004
0420-TXVSG,0.131
8414-MYSHR,0.397
1459-QNFQT,0.128
7010-ZMVBF,0.24500000000000002
3716-LRGXK,0.21799999999999997
5077-DXTCG,0.288
8760-ZRHKE,0.21200000000000002
8008-HAWED,0.285
9896-UYMIE,0.525
1455-ESIQH,0.397
7080-TNUWP,0.33299999999999996
2637-FKFSY,0.252
5035-PGZXH,0.362
2189-UXTKY,0.213
8148-NLEGT,0.11599999999999999
8173-RXAYP,0.10900000000000001
2969-VAPYH,0.23700000000000002
0254-KCJGT,0.34900000000000003
4587-NUKOX,0.32599999999999996
0174-QRVVY,0.10500000000000001
9475-NNDGC,0.454
3195-TQDZX,0.28250000000000003
0872-JCPIB,0.227
5729-KLZAR,0.379
4282-MSACW,0.4779999999999999
2683-BPJSO,0.30300000000000005
9777-WJJPR,0.421
0640-YJTPY,0.11099999999999999
7228-PAQPD,0.27799999999999997
6899-PPEEA,0.376
0812-WUPTB,0.35
9987-LUTYD,0.202
5569-IDSEY,0.42700000000000005
9052-DHNKM,0.23600000000000004
0536-ACXIP,0.127
3678-MNGZX,0.11099999999999999
9206-GVPEQ,0.19899999999999998
7365-BVCJH,0.30500000000000005
2933-XEUJM,0.10700000000000001
7816-VGHTO,0.123
6221-AVQYL,0.33599999999999997
4139-SUGLD,0.21799999999999997
0247-SLUJI,0.246
4529-CKBCL,0.383
2195-VVRJF,0.246
1970-KKFWL,0.11291666666666667
2272-WUSPA,0.127
4285-GYRQC,0.366
4211-MMAZN,0.238
7826-VVKWT,0.229
3892-NXAZG,0.187
8198-RKSZG,0.277
7908-QCBCA,0.325
6296-DDOOR,0.258
7205-BAIAD,0.11958333333333333
4616-EWBNJ,0.15899999999999997
4282-YMKNA,0.363
1174-FGIFN,0.32199999999999995
1740-CSDJP,0.267
3594-UVONA,0.31899999999999995
4826-TZEVA,0.32599999999999996
2403-BCASL,0.366
6265-FRMTQ,0.1254
3131-NWVFJ,0.16099999999999998
5055-BRMNE,0.134
2228-BZDEE,0.10640000000000001
0810-DHDBD,0.269
7401-JIXNM,0.135
1223-UNPKS,0.123
3070-DVEYC,0.322
2929-ERCFZ,0.4600000000000001
2465-BLLEU,0.24500000000000002
0129-KPTWJ,0.361
5766-XQXMQ,0.23700000000000002
3352-ALMCK,0.395
6837-HAEVO,0.324
9898-KZQDZ,0.43600000000000005
7682-AZNDK,0.469
5480-TBGPH,0.393
2845-HSJCY,0.426
7459-RRWQZ,0.231
6305-YLBMM,0.5109999999999999
3062-ICYZQ,0.25
1060-ENTOF,0.313
3200-MNQTF,0.137
9995-HOTOH,0.14900000000000002
7243-LCGGZ,0.20873333333333335
2108-YKQTY,0.263
3956-MGXOG,0.34900000000000003
3571-RFHAR,0.442
3933-DQPWX,0.138
0618-XWMSS,0.321
5630-IXDXV,0.45
7537-RBWEA,0.26799999999999996
1927-QEWMY,0.10400000000000001
3810-DVDQQ,0.179
7463-IFMQU,0.11400000000000002
3785-KTYSH,0.11200000000000002
9780-FKVVF,0.217
6481-OGDOO,0.38300000000000006
0442-ZXKVS,0.404
8272-ONJLV,0.35
8901-HJXTF,0.269
2550-AEVRU,0.191
7874-ECPQJ,0.2684166666666667
4813-HQMGZ,0.312
5879-HMFFH,0.146
2386-OWURY,0.32799999999999996
5148-ORICT,0.08
6339-RZCBJ,0.156
2410-CIYFZ,0.261
5515-RUGKN,0.257
5447-VYTKW,0.178
4979-HPRFL,0.11200000000000002
2091-RFFBA,0.359
2519-TWKFS,0.23199999999999998
7340-KEFQE,0.122
8883-ANODQ,0.16199999999999998
1779-PWPMG,0.197
9114-AAFQH,0.264
0684-AOSIH,0.254
7873-CVMAW,0.20299999999999999
5939-XAIXZ,0.24
6333-YDVLT,0.44000000000000006
5520-FVEWJ,0.43499999999999994
8059-UDZFY,0.33599999999999997
5134-IKDAY,0.358
3164-YAXFY,0.179
3088-LHEFH,0.29
0375-HVGXO,0.347
7008-LZVOZ,0.10800000000000001
4821-SJHJV,0.38500000000000006
9093-FPDLG,0.35
8874-EJNSR,0.1267333333333333
1704-NRWYE,0.388
8631-NBHFZ,0.254
5730-RIITO,0.26999999999999996
3156-QLHBO,0.27616666666666667
7112-OPOTK,0.367
9576-SYUHJ,0.33999999999999997
5998-VVEJY,0.387
1262-OPMFY,0.313
3097-FQTVJ,0.11355
6479-OAUSD,0.17040000000000002
1134-YWTYF,0.24499999999999997
3677-IYRBF,0.258
6987-XQSJT,0.376
5542-DHSXL,0.183
7449-HVPIV,0.476
3723-BFBGR,0.26199999999999996
4628-CTTLA,0.35700000000000004
6980-IMXXE,0.1
5304-EFJLP,0.209
4537-CIBHB,0.158
8414-OOEEL,0.14
9822-OAOVB,0.28800000000000003
3688-FTHLT,0.26199999999999996
4741-WWJQZ,0.24499999999999997
8404-GFGCZ,0.348
9025-AOMKI,0.36500000000000005
2538-OIMXF,0.252
0311-UNPFF,0.34299999999999997
2277-BKJKN,0.197
8671-KKKOS,0.267
6578-KRMAW,0.286
4615-PIVVU,0.13
7789-HKSBS,0.298
3030-YZADT,0.26399999999999996
6185-TASNN,0.289
3724-BSCVH,0.173
2959-EEXWB,0.221
5577-OTWWW,0.24899999999999997
7670-ZBPOQ,0.21500000000000002
8707-RMEZH,0.297
2592-HODOV,0.17099999999999999
6198-ZFIOJ,0.36299999999999993
8780-RSYYU,0.27958333333333335
1552-TKMXS,0.24575
5766-ZJYBB,0.238
9548-ZMVTX,0.15600000000000003
9026-LHEVG,0.31300000000000006
4884-LEVMQ,0.134
4883-QICIH,0.318
1810-BOHSY,0.371
3744-ZBHON,0.25365
6365-MTGZX,0.36
3694-GLTJM,0.2781666666666667
7318-EIVKO,0.345
4717-GHADL,0.119
0479-HMSWA,0.123
2485-ITVKB,0.3
3336-JORSO,0.383
2831-EBWRN,0.296
1080-BWSYE,0.10500000000000001
9681-KYGYB,0.26
8777-PVYGU,0.19299999999999998
0839-JTCUD,0.135
8400-WZICQ,0.21200000000000002
5777-ZPQNC,0.18939999999999999
4429-WYGFR,0.213
6504-VBLFL,0.122
5519-NPHVG,0.403
1545-JFUML,0.137
0967-BMLBD,0.16299999999999998
2378-YIZKA,0.123
4236-XPXAV,0.346
2430-USGXP,0.437
9102-OXKFY,0.156
1696-MZVAU,0.21200000000000002
2034-CGRHZ,0.34700000000000003
1092-GANHU,0.32500000000000007
3345-JHUEO,0.28250000000000003
2839-RFSQE,0.21006666666666668
7321-KKSDU,0.13940000000000002
5858-EAFCZ,0.26399999999999996
3620-MWJNE,0.174
2019-HDCZY,0.20400000000000001
4299-OPXEJ,0.11299999999999999
8182-BJDSI,0.385
5405-ZMYXQ,0.33399999999999996
8663-UPDGF,0.266
1843-TLSGD,0.11000000000000001
1240-HCBOH,0.10840000000000001
9348-YVOMK,0.275
3393-FMZPV,0.442
9600-UDOPK,0.437
2697-NQBPF,0.387
1429-UYJSV,0.16839999999999997
1016-DJTSV,0.33999999999999997
2263-SFSQZ,0.122
5498-IBWPI,0.20800000000000002
9494-BDNNC,0.37900000000000006
3557-HTYWR,0.10500000000000001
7299-GNVPL,0.242
8869-TORSS,0.23199999999999998
9221-OTIVJ,0.366
9371-BITHB,0.10700000000000001
1550-LOAHA,0.3390000000000001
3594-KADLU,0.183
6377-KSLXC,0.23499999999999996
3737-XBQDD,0.33799999999999997
7706-YLMQA,0.158
4860-IJUDE,0.32599999999999996
5453-YBTWV,0.15000000000000002
1335-NTIUC,0.307
2931-XIQBR,0.26599999999999996
0617-FHSGK,0.384
9725-SCPZG,0.43200000000000005
2126-GSEGL,0.14700000000000002
8861-HGGKB,0.352
5656-MJEFC,0.11599999999999999
5456-ITGIC,0.158
3519-ZKXGG,0.363
7923-IYJWY,0.199
7853-GVUDZ,0.26799999999999996
7088-FBAWU,0.236
0784-GTUUK,0.161
0612-RTZZA,0.27599999999999997
2227-JRSJX,0.263
2506-CLAKW,0.269
6048-UWKAL,0.15699999999999997
4597-NUCQV,0.413
6188-UXBBR,0.16358333333333333
2200-DSAAL,0.13899999999999998
3170-GWYKC,0.261
2703-AMTUL,0.20700000000000002
0253-ZTEOB,0.129
9499-XPZXM,0.118
6522-OIQSX,0.188
9337-SRRNI,0.118
0973-KYVNF,0.10900000000000001
7486-KSRVI,0.41899999999999993
0925-VYDLG,0.36299999999999993
4559-UWIHT,0.41999999999999993
3096-WPXBT,0.265
5803-NQJZO,0.135
3791-LGQCY,0.34199999999999997
9170-GYZJC,0.33499999999999996
8305-VHZBZ,0.24500000000000002
0842-IWYCP,0.273
7101-HRBLJ,0.12000000000000002
0504-HHAPI,0.3
8380-PEFPE,0.37
1024-VRZHF,0.383
0106-UGRDO,0.126
2519-LBNQL,0.375
0512-FLFDW,0.31399999999999995
7707-PYBBH,0.17099999999999999
6164-HXUGH,0.24299999999999997
3346-BRMIS,0.321
2058-DCJBE,0.35700000000000004
0129-QMPDR,0.15300000000000002
8624-GIOUT,0.279
1240-KNSEZ,0.24500000000000002
4403-BWPAY,0.173
5696-EXCYS,0.12200000000000003
5153-RTHKF,0.43100000000000005
2669-OIDSD,0.31100000000000005
5240-IJOQT,0.338
4720-VSTSI,0.33799999999999997
2809-ILCYT,0.17698333333333333
7460-ITWWP,0.322
1698-XFZCI,0.328
0952-KMEEH,0.306
7814-LEEVE,0.263
4581-LNWUM,0.352
9140-CZQZZ,0.136
8046-DNVTL,0.10999999999999999
0432-CAJZV,0.37
4803-LBYPN,0.2680666666666666
3737-GCSPV,0.317
8818-XYFCQ,0.36500000000000005
7740-BTPUX,0.17200000000000001
9086-YJYXS,0.257
6476-EPYZR,0.24699999999999997
1452-XRSJV,0.23399999999999999
2960-NKRSO,0.357
3404-JNXAX,0.34400000000000003
0960-HUWBM,0.197
3658-QQJYD,0.296
3795-GWTRD,0.11299999999999999
8375-DKEBR,0.346
8455-HIRAQ,0.246
4183-WCSEP,0.37300000000000005
8840-DQLGN,0.327
3889-VWBID,0.11200000000000002
2181-TIDSV,0.11699999999999999
1194-BHJYC,0.10200000000000001
4897-QSUYC,0.2534
9964-WBQDJ,0.101
0264-CNITK,0.1
3378-AJRAO,0.21200000000000002
0096-FCPUF,0.192
6734-CKRSM,0.22298333333333337
0406-BPDVR,0.32599999999999996
3050-RLLXC,0.121
9796-BPKIW,0.307
9779-DPNEJ,0.39
7691-KGKGP,0.22199999999999998
8699-ASUFO,0.34500000000000003
8642-GVWRF,0.287
5074-FBGHB,0.40800000000000003
7821-DPRQE,0.23499999999999996
8659-HDIYE,0.24
8695-WDYEA,0.215
2205-YMZZJ,0.42800000000000005
2607-DHDAK,0.10200000000000001
7268-IGMFD,0.37
6194-HBGQN,0.294
3486-HOOGQ,0.11599999999999999
3621-CHYVB,0.191
5356-KZCKT,0.11399999999999999
0348-SDKOL,0.39
4701-MLJPN,0.259
9281-OFDMF,0.314
0739-UUAJR,0.135
4791-QRGMF,0.4
5712-VBOXD,0.2795833333333333
4503-BDXBD,0.37899999999999995
8727-JQFHV,0.121
1926-QUZNN,0.12
9079-LWTFD,0.273
3696-DFHHB,0.11000000000000001
9787-XVQIU,0.372
4742-TXUEX,0.10333333333333332
2239-CGBUZ,0.21100000000000002
7599-NTMDP,0.097
0839-QNXME,0.11391666666666667
5161-UBZXI,0.16499999999999998
2930-UOTMB,0.29000000000000004
1371-DWPAZ,0.30000000000000004
9239-ZBZZV,0.306
1403-LKLIK,0.16533333333333333
3489-VSFRD,0.23199999999999998
9028-LIHRP,0.14400000000000002
4910-GMJOT,0.4029999999999999
9360-OMDZZ,0.445
0345-XMMUG,0.181
6794-HKIAJ,0.299
0136-IFMYD,0.17200000000000001
3177-LASXD,0.34299999999999997
8908-SLFCJ,0.11299999999999999
1202-KKGFU,0.189
9738-QLWTP,0.29800000000000004
9509-MPYOD,0.17356666666666665
0455-ENTCR,0.10900000000000001
9621-OUPYD,0.16258333333333336
2808-CHTDM,0.11633333333333333
6543-JXSOO,0.15000000000000002
6817-WTYHE,0.262
4176-RELJR,0.10800000000000001
9722-UJOJR,0.35200000000000004
4958-XCBDQ,0.375
5804-HYIEZ,0.248
3946-JEWRQ,0.367
0114-PEGZZ,0.46699999999999997
3891-PUQOD,0.312
5129-HHMZC,0.13599999999999998
1612-EOHDH,0.28900000000000003
8257-RZAHR,0.25799999999999995
9968-FFVVH,0.263
3359-DSRKA,0.118
5593-SUAOO,0.22599999999999998
9809-IMGCQ,0.41100000000000003
2668-TZSPS,0.238
3916-NRPAP,0.328
5605-XNWEN,0.122
3129-AAQOU,0.11099999999999999
1624-WOIWJ,0.325
3115-JPJDD,0.221
7009-PCARS,0.15599999999999997
6352-TWCAU,0.43699999999999994
7649-SIJJF,0.094
3981-QSVQI,0.25
5197-PYEPU,0.24
2460-NGXBJ,0.35600000000000004
6479-VDGRK,0.10900000000000001
0607-DAAHE,0.128
5322-ZSMZY,0.1267333333333333
4061-UKJWL,0.26399999999999996
8570-KLJYJ,0.196
3815-SLMEF,0.189
0234-TEVTT,0.205
0831-JNISG,0.121
6963-EZQEE,0.178
2171-UDMFD,0.268
6270-OMFIW,0.369
5465-BUBFA,0.10233333333333335
8276-MQBYC,0.375
0689-DSXGL,0.263
8749-JMNKX,0.359
2967-MXRAV,0.17600000000000002
2672-HUYVI,0.366
1767-TGTKO,0.29100000000000004
4295-YURET,0.175
2592-YKDIF,0.20873333333333335
9153-BTBVV,0.10200000000000001
6701-YVNQG,0.173
6961-VCPMC,0.36700000000000005
8286-AFUYI,0.258
2357-COQEK,0.346
9717-QEBGU,0.35700000000000004
3836-FZSDJ,0.10499999999999998
2260-USTRB,0.28700000000000003
5172-RKOCB,0.21200000000000002
6023-YEBUP,0.421
9762-YAQAA,0.25
4013-UBXWQ,0.291
2070-XYMFH,0.29500000000000004
5325-UWTWJ,0.29000000000000004
5176-OLSKT,0.123
4973-MGTON,0.144
7016-NVRIC,0.28300000000000003
6974-DAFLI,0.1844
1282-IHQAC,0.253
0320-JDNQG,0.259
1163-VIPRI,0.08800000000000001
3536-IQCTX,0.417
9618-LFJRU,0.23691666666666666
1846-XWOQN,0.346
2055-BFOCC,0.353
2027-FECZV,0.466
0946-CLJTI,0.46799999999999997
5334-AFQJB,0.10600000000000001
5699-BNCAS,0.10900000000000001
6968-MHOMU,0.315
7481-ATQQS,0.269
6016-NXBNJ,0.1795
7998-ZLXWN,0.24100000000000002
8041-TMEID,0.178
0975-UYDTX,0.353
5934-TSSAU,0.32
9081-WWXKP,0.09533333333333334
1400-WIVLL,0.168
9224-VTYID,0.10899999999999999
3424-NMNBO,0.329
4465-VDKIQ,0.358
4227-OJHAL,0.207
9732-EQMWY,0.45200000000000007
3324-OIRTO,0.38899999999999996
2091-GPPIQ,0.132
6917-YACBP,0.259
0471-ARVMX,0.254
4636-TVXVG,0.142
2533-TIBIX,0.24500000000000002
6140-QNRQQ,0.30700000000000005
1599-EAHXY,0.14100000000000001
7130-YXBRO,0.30500000000000005
5996-NRVXR,0.351
1329-VHWNP,0.301
4727-MCYZG,0.259
6704-UTUKK,0.30399999999999994
3154-HMWUU,0.131
6035-RIIOM,0.231
1552-CZCLL,0.24100000000000002
0191-EQUUH,0.13599999999999998
5380-AFSSK,0.378
7473-ZBDSN,0.11000000000000001
6166-ILMNY,0.33599999999999997
6772-WFQRD,0.1708
9553-DLCLU,0.145
2560-QTSBS,0.14100000000000001
9541-ZPSEA,0.133
6614-YOLAC,0.082
9391-LMANN,0.297
5202-IVJNU,0.298
3858-VOBET,0.37
0228-MAUWC,0.28700000000000003
6877-TJMBR,0.33499999999999996
6350-XFYGW,0.355
8947-YRTDV,0.28200000000000003
3886-CERTZ,0.5229999999999999
9462-MJUAW,0.25199999999999995
9220-ZNKJI,0.131
6614-YWYSC,0.10499999999999998
2634-HCZGT,0.24300000000000002
1855-AGAWH,0.361
9702-AIUJO,0.213
7649-PHJVR,0.185
1925-GMVBW,0.24161904761904762
5485-ITNPC,0.173
3422-WJOYD,0.18799999999999997
1057-FOGLZ,0.21006666666666668
1951-IEYXM,0.145
4950-BDEUX,0.34600000000000003
1291-CUOCY,0.21000000000000002
4468-KAZHE,0.3
1777-JYQPJ,0.26799999999999996
9830-ECLEN,0.24699999999999997
0141-YEAYS,0.29700000000000004
4702-IOQDC,0.35
4682-BLBUC,0.274
1265-ZFOSD,0.08399999999999999
6040-CGACY,0.20973333333333333
9537-VHDTA,0.20500000000000002
5198-EFNBM,0.29900000000000004
2842-BCQGE,0.33599999999999997
9796-MVYXX,0.125
1627-AFWVJ,0.11748333333333334
2003-CKLOR,0.538
4837-PZTIC,0.10500000000000001
6581-NQCBA,0.262
1895-QTKDO,0.282
0815-MFZGM,0.17300000000000001
4647-XXZAM,0.255
2252-ISRNH,0.341
3769-MHZNV,0.11633333333333336
5619-PTMIK,0.265
2249-YPRNG,0.4680000000000001
3043-TYBNO,0.22400000000000003
5213-TWWJU,0.384
7998-WNZEM,0.15699999999999997
0508-OOLTO,0.358
5792-JALQC,0.137
7521-YXVZY,0.28006666666666663
7488-MXJIV,0.43699999999999994
8512-WIWYV,0.17040000000000002
5043-TRZWM,0.33599999999999997
9885-AIBVB,0.41999999999999993
9067-SQTNS,0.1454
9506-UXUSK,0.358
2792-VPPET,0.2815
3420-YJLQT,0.366
1184-PJVDB,0.41000000000000003
7758-UJWYS,0.156
2694-CIUMO,0.329
9281-PKKZE,0.321
4115-UMJFQ,0.231
5832-EXGTT,0.20000000000000004
1264-BYWMS,0.445
7409-KIUTL,0.352
6212-ATMLK,0.403
1088-CNNKB,0.361
0750-EKNGL,0.23499999999999996
6527-PZFPV,0.14300000000000002
3739-YBWAB,0.20600000000000002
2691-NZETQ,0.454
7571-YXDAD,0.356
1587-FKLZB,0.5080000000000001
9424-CMPOG,0.123
8938-UMKPI,0.45
9029-FEGVJ,0.308
8242-PDSGJ,0.11599999999999999
3211-AAPKX,0.3590000000000001
8580-AECUZ,0.402
4210-QFJMF,0.34900000000000003
0596-BQCEQ,0.534
0396-HUJBP,0.21006666666666668
6625-UTXEW,0.26799999999999996
1803-BGNBD,0.27599999999999997
7244-QWYHG,0.267
1814-DKOLC,0.20573333333333332
6997-UVGOX,0.126
2903-YYTBW,0.29400000000000004
9253-VIFJQ,0.26
9036-CSKBW,0.39
1469-LBJQJ,0.392
4795-WRNVT,0.201
6248-TKCQV,0.14200000000000002
1619-YWUBB,0.101
8295-KMENE,0.082
1697-LYYYX,0.125
2307-FYNNL,0.189
4139-JPIAM,0.205
5469-CTCWN,0.39699999999999996
4873-ILOLJ,0.39699999999999996
7198-GLXTC,0.43599999999999994
1336-EZFZY,0.2108833333333333
6986-IXNDM,0.39699999999999996
5049-MUBWG,0.30300000000000005
5345-BMKWB,0.231
5519-YLDGW,0.21599999999999997
6366-XIVKZ,0.203
1591-NFNLQ,0.365
3428-XZMAZ,0.35700000000000004
5562-BETPV,0.17600000000000002
2858-MOFSQ,0.253
2969-WGHQO,0.217
5356-RHIPP,0.24500000000000002
5232-NXPAY,0.10699999999999998
7250-EQKIY,0.269
9800-ONTFE,0.35
0953-LGOVU,0.215
3230-WYKIR,0.325
7729-XBTWX,0.11499999999999999
4704-ERYFC,0.356
6569-KTMDU,0.20873333333333335
4526-ZJJTM,0.28600000000000003
0963-ZBDRN,0.36
6711-FLDFB,0.363
4526-EXKKN,0.12563333333333332
4307-KWMXE,0.25999999999999995
6609-MXJHJ,0.13033333333333333
7586-ZATGZ,0.454
2348-KCJLT,0.187
1038-RQOST,0.24699999999999997
2931-SVLTV,0.29900000000000004
1670-SVOWZ,0.274
9170-ARBTB,0.125
9624-EGDEQ,0.11355
7037-MTYVW,0.138
3223-DWFIO,0.34500000000000003
9290-SHCMB,0.329
8417-FMLZI,0.33399999999999996
1755-FZQEC,0.19656666666666667
3340-QBBFM,0.22200000000000003
3996-ZNWYK,0.10900000000000001
1506-YJTYT,0.121
6486-LHTMA,0.282
4189-NAKJS,0.231
6509-TSGWN,0.28150000000000003
5133-VRSAB,0.221
0730-BGQGF,0.14300000000000002
4237-RLAQD,0.254
4830-FAXFM,0.284
6599-RCLCJ,0.377
8565-WUXZU,0.136
6285-FTQBF,0.10500000000000001
6211-WWLTF,0.186
8327-WKMIE,0.1714
0233-FTHAV,0.227
3521-MNKLV,0.22200000000000003
1877-HKBQX,0.209
5795-BKOYE,0.198
8285-ABVLB,0.10400000000000001
8898-KASCD,0.22799999999999998
3847-BAERP,0.2584
8627-EHGIP,0.30999999999999994
4194-FJARJ,0.134
3801-HMYNL,0.414
7140-ADSMJ,0.257
0635-WKOLD,0.265
6621-NRZAK,0.092
2718-GAXQD,0.312
9426-SXNHE,0.2539166666666667
8595-SIZNC,0.13091666666666668
6250-CGGUN,0.27599999999999997
4504-YOULA,0.248
1338-CECEE,0.21400000000000002
2027-WKXMW,0.32199999999999995
3547-LQRIK,0.1964
4083-EUGRJ,0.238
6080-TCMYC,0.421
3714-XPXBW,0.275
4163-KIUHY,0.28846666666666665
0164-APGRB,0.10400000000000001
2388-LAESQ,0.197
6483-OATDN,0.23700000000000002
7351-KYHQH,0.28099999999999997
3766-EJLFL,0.162
4634-JLRJT,0.2534
1370-GGAWX,0.30700000000000005
1930-BZLHI,0.175
8328-SKJNO,0.194
3963-RYFNS,0.20400000000000001
7181-OQCUT,0.311
3995-WFCSM,0.279
4869-EPIUS,0.321
3787-TRIAL,0.298
8060-HIWJJ,0.16599999999999998
3694-DELSO,0.266
7285-KLOTR,0.231
5740-YHGTW,0.34900000000000003
0019-GFNTW,0.126
7064-FRRSW,0.314
9643-YBLUR,0.258
9500-IWPXQ,0.213
2911-WDXMV,0.376
7643-RCHXS,0.11699999999999999
6519-CFDBX,0.29
0599-XNYDO,0.32399999999999995
4927-WWOOZ,0.49499999999999994
7508-KBIMB,0.203
8749-TZYEC,0.10600000000000001
5906-DVAPM,0.20600000000000002
3638-VBZTA,0.15
6993-YCOBK,0.15699999999999997
5468-BPMMO,0.28273333333333334
0373-AIVNJ,0.213
2667-WYLWJ,0.16099999999999998
1730-VFMWO,0.207
6980-CDGFC,0.158
9938-EKRGF,0.213
9453-PATOS,0.085
7266-GSSJX,0.27799999999999997
3113-IWHLC,0.186
2253-KPMNB,0.118
2778-OCLGR,0.318
5233-GEEAX,0.27
4277-PVRAN,0.36100000000000004
3207-OYBWH,0.29900000000000004
3934-HXCFZ,0.395
3865-QBWSJ,0.269
9540-JYROE,0.308
2683-JXWQQ,0.259
4676-WLUHT,0.14600000000000002
3646-ITDGM,0.11400000000000002
5199-FPUSP,0.198
0410-IPFTY,0.33199999999999996
7341-LXCAF,0.383
8510-AWCXC,0.291
1226-JZNKR,0.16999999999999998
1925-LFCZZ,0.30799999999999994
5949-EBSQK,0.24799999999999994
8123-QBNAZ,0.335
0428-IKYCP,0.39299999999999996
4781-ZXYGU,0.248
4737-HOBAX,0.147
7241-AJHFS,0.267
0362-RAOQO,0.11458333333333334
6319-IEJWJ,0.409
8752-GHJFU,0.246
4277-BWBML,0.11099999999999999
5089-IFSDP,0.22399999999999998
6770-UAYGJ,0.10899999999999999
0380-NEAVX,0.331
7610-TVOPG,0.27399999999999997
6022-UGGSO,0.359
8174-TBVCF,0.15400000000000003
7677-SJJJK,0.13799999999999998
8999-YPYBV,0.1
3146-JTQHR,0.174
4674-HGNUA,0.14300000000000002
0378-CJKPV,0.188
7005-CYUIL,0.10500000000000001
1251-STYSZ,0.283
6100-QQHEB,0.48600000000000004
3498-LZGQZ,0.11499999999999999
7966-YOTQW,0.259
3227-WLKLI,0.122
2528-HFYZX,0.374
0315-LVCRK,0.39299999999999996
8974-OVACP,0.20873333333333335
7629-WIXZF,0.248
2675-OTVVJ,0.42300000000000004
5373-SFODM,0.346
1089-HDMKP,0.24900000000000003
0595-ITUDF,0.33799999999999997
5832-TRLPB,0.33899999999999997
5834-ASPWA,0.372
1319-YLZJG,0.31599999999999995
9891-NQDBD,0.1779
6175-IRFIT,0.328
1323-OOEPC,0.39899999999999997
5795-KTGUD,0.22399999999999998
3143-ILDAL,0.4069999999999999
4831-EOBFE,0.40800000000000003
2251-PYLPB,0.14300000000000002
6376-GAHQE,0.43599999999999994
3584-WKTTW,0.355
9101-NTIXF,0.2602333333333333
0867-LDTTC,0.256
6941-KXRRV,0.279
0397-ZXWQF,0.123
3082-VQXNH,0.27
9357-UJRUN,0.229
9546-CQJSU,0.422
2919-HBCJO,0.333
8605-ITULD,0.20873333333333335
5315-CKEQK,0.261
4187-CINZD,0.33599999999999997
7905-NJMXS,0.22599999999999998
8844-TONUD,0.42799999999999994
0993-OSGPT,0.20400000000000001
0689-NKYLF,0.382
9139-TWBAS,0.215
8780-YRMTT,0.084
0206-OYVOC,0.12558333333333332
7552-KEYGT,0.1234
7032-LMBHI,0.217
2958-NHPPS,0.28733333333333333
4298-OYIFC,0.373
6008-NAIXK,0.29900000000000004
4749-VFKVB,0.26399999999999996
8614-VGMMV,0.309
1751-NCDLI,0.46799999999999997
2239-CFOUJ,0.17600000000000002
3144-KMTWZ,0.316
6214-EDAKZ,0.259
4488-KQFDT,0.362
6898-MDLZW,0.207
9921-ZVRHG,0.358
3045-XETSH,0.36600000000000005
0670-KDOMA,0.2534
6857-VWJDT,0.38066666666666665
2373-NTKOD,0.315
8894-JVDCV,0.44899999999999995
8515-OCTJS,0.11391666666666667
4749-OJKQU,0.363
4193-IBKSW,0.11200000000000002
1194-SPVSP,0.24699999999999997
0895-LNKRC,0.17099999999999999
0135-NMXAP,0.387
3162-ZJZFU,0.323
3243-ZHOHY,0.16839999999999997
1930-QPBVZ,0.14100000000000001
2284-VFLKH,0.41100000000000003
3569-VLDHH,0.21800000000000003
0515-YPMCW,0.337
3420-ZDBMA,0.321
7216-EWTRS,0.359
0841-NULXI,0.29999999999999993
8640-SDGKB,0.231
1325-USMEC,0.178
5882-CMAZQ,0.264
2085-BOJKI,0.422
0701-TJSEF,0.191
5414-OFQCB,0.23499999999999996
8849-AYPTR,0.413
8295-FHIVV,0.242
0369-ZGOVK,0.22000000000000003
7861-UVUFT,0.366
1215-EXRMO,0.11400000000000002
3285-UCQVC,0.262
2712-SYWAY,0.27040000000000003
4695-WJZUE,0.291
5186-SAMNZ,0.28700000000000003
5760-FXFVO,0.337
2254-DLXRI,0.33999999999999997
5893-PYOLZ,0.16
1640-PLFMP,0.35
8120-JDCAM,0.33199999999999996
2636-OHFMN,0.318
2454-RPBRZ,0.44400000000000006
6950-TWMYB,0.15000000000000002
4361-BKAXE,0.32399999999999995
6210-KBBPI,0.35200000000000004
4291-SHSBH,0.35700000000000004
7176-WRTNX,0.254
3786-WOVKF,0.296
7774-OJSXI,0.35700000000000004
7771-CFQRQ,0.10800000000000001
5206-XZZQI,0.30599999999999994
8590-YFFQO,0.13
3082-YVEKW,0.10699999999999998
0565-IYCGT,0.355
7746-QYVCO,0.191
8996-ZROXE,0.252
7096-UCLNH,0.238
6393-WRYZE,0.371
6698-OXETB,0.123
1271-SJBGZ,0.267
9327-QSDED,0.26399999999999996
7950-XWOVN,0.261
6227-FBDXH,0.348
7940-UQQUG,0.30700000000000005
3503-TYDAY,0.361
3452-GWUIN,0.39099999999999996
1958-RNRKS,0.302
0362-ZBZWJ,0.371
9419-IPPBE,0.29700000000000004
3721-WKIIL,0.12131666666666667
8690-ZVLCL,0.135
1866-ZSLJM,0.24699999999999997
0098-BOWSO,0.28250000000000003
5075-JSDKI,0.1244
4102-HLENU,0.095
5669-SRAIP,0.29300000000000004
6710-HSJRD,0.377
7129-ACFOG,0.252
7909-FIOIY,0.265
1855-CFULU,0.25656666666666667
4518-FZBSX,0.17973333333333336
8932-CZHRQ,0.32
6992-TKNYO,0.294
3932-CMDTD,0.40700000000000003
0991-BRRFB,0.257
4359-INNWN,0.15899999999999997
3683-QKIUE,0.198
0365-BZUWY,0.48100000000000004
1196-AMORA,0.37
2576-HXMPA,0.24099999999999996
4450-DLLMH,0.32999999999999996
3957-LXOLK,0.367
7968-QUXNS,0.23499999999999996
5215-LNLDJ,0.296
7820-ZYGNY,0.33
2038-LLMLM,0.358
6377-WHAOX,0.392
4177-JPDFU,0.21600000000000003
6176-YJWAS,0.178
9957-YODKZ,0.37300000000000005
1872-EBWSC,0.17548333333333335
5443-SCMKX,0.343
6077-BDPXA,0.35
0336-PIKEI,0.165
2924-KHUVI,0.309
9283-LZQOH,0.34900000000000003
0196-JTUQI,0.33399999999999996
0178-SZBHO,0.47800000000000004
8564-LDKFL,0.42700000000000005
3392-EHMNK,0.126
9602-WCXPI,0.17120000000000002
9747-DDZOS,0.309
1131-ALZWV,0.15191666666666664
3181-VTHOE,0.30999999999999994
1212-GLHMD,0.29
3720-DBRWL,0.16
2582-FFFZR,0.306
5032-MIYKT,0.318
6897-RWMUB,0.11600000000000002
9170-CCKOU,0.335
6734-JDTTV,0.10200000000000001
2640-PMGFL,0.389
0484-FFVBJ,0.32
4573-JKNAE,0.129
3677-TNKIO,0.33599999999999997
6838-YAUVY,0.182
3038-PQIUY,0.24999999999999994
5502-RLUYV,0.5569999999999999
9929-PLVPA,0.25695238095238093
3301-LSLWQ,0.217
1215-VFYVK,0.205
4335-UPJSI,0.12000000000000002
2320-YKQBO,0.20473333333333335
1442-OKRJE,0.38899999999999996
7963-SHNDT,0.098
1508-DFXCU,0.404
5499-ECUTN,0.22599999999999998
0923-PNFUB,0.44400000000000006
8205-VSLRB,0.14100000000000001
4248-HCETZ,0.366
0611-DFXKO,0.361
4878-BUNFV,0.1277333333333333
5222-JCXZT,0.26593333333333335
8226-BXGES,0.29100000000000004
9058-CBREO,0.255
4635-EJYPD,0.13040000000000002
4693-VWVBO,0.25365
3399-BMLVW,0.10400000000000001
7576-OYWBN,0.33499999999999996
7996-MHXLW,0.10500000000000001
4422-QVIJA,0.259
6199-IPCAO,0.11833333333333332
4778-IZARL,0.221
6619-RPLQZ,0.11433333333333336
3339-EAQNV,0.361
9169-BSVIN,0.30000000000000004
0266-GMEAO,0.187
7061-OVMIM,0.13433333333333333
4816-JBHOV,0.288
0853-TWRVK,0.194
6857-TKDJV,0.11200000000000002
8017-LXHFA,0.38100000000000006
2876-VBBBL,0.2534
5536-RTPWK,0.433
0396-UKGAI,0.21200000000000002
4931-TRZWN,0.219
5299-SJCZT,0.409
2364-UFROM,0.24500000000000002
4568-TTZRT,0.238
3746-EUBYR,0.359
7279-NMVJC,0.15899999999999997
2545-EBUPK,0.317
5473-KHBPS,0.261
0670-ANMUU,0.391
1345-ZUKID,0.188
7439-DKZTW,0.404
3612-YVGSJ,0.101
7742-MYPGI,0.22599999999999998
8474-UMLNT,0.21000000000000002
2603-HVKCG,0.4029999999999999
4822-LPTYJ,0.30700000000000005
7890-VYYWG,0.3410000000000001
7777-UNYHB,0.266
6814-ZPWFQ,0.14100000000000001
2439-LYPMQ,0.487
3853-LYGAM,0.30500000000000005
2026-TGDHM,0.34900000000000003
1763-WQFUK,0.21400000000000002
6518-PPLMZ,0.11499999999999999
1373-ORVIZ,0.29300000000000004
0017-IUDMW,0.16299999999999998
0576-WNXXC,0.357
7379-FNIUJ,0.33599999999999997
7941-RCJOW,0.119
4056-QHXHZ,0.082
4501-UYKBC,0.274
5014-GSOUQ,0.123
7868-BGSZA,0.277
9019-QVLZD,0.414
5186-EJEGL,0.173
9637-CDTKZ,0.238
0829-DDVLK,0.15899999999999997
8884-MRNSU,0.142
9314-QDMDW,0.257
7036-TYDEC,0.16499999999999998
9741-YLNTD,0.292
7817-BOQPW,0.363
4450-MDZFX,0.30999999999999994
9473-CBZOP,0.189
5208-FVQKB,0.093
0868-VJRDR,0.20299999999999999
8374-XGEJJ,0.4720000000000001
3716-BDVDB,0.35700000000000004
5751-USDBL,0.085
8348-JLBUG,0.22300000000000003
6484-LATFU,0.11200000000000002
1987-AUELQ,0.095
2332-EFBJY,0.251
8763-KIAFH,0.16533333333333333
6961-MJKBO,0.1252
4054-CUMIA,0.313
2293-IJWPS,0.34500000000000003
5144-TVGLP,0.429
3486-NPGST,0.17548333333333335
2259-OUUSZ,0.242
5201-CBWYG,0.14300000000000002
6635-CPNUN,0.42000000000000004
7209-JCUDS,0.358
8884-FEEWR,0.1694
9351-HXDMR,0.211
7611-YKYTC,0.29300000000000004
3911-RSNHI,0.14300000000000002
4826-DXMUP,0.28
5404-GGUKR,0.296
5743-KHMNA,0.11699999999999999
1919-RTPQD,0.292
4486-EFAEB,0.275
7878-JGDKK,0.26399999999999996
0134-XWXCE,0.269
5542-NKVRU,0.12133333333333333
3778-FOAQW,0.16881666666666667
7883-ROJOC,0.2308333333333333
9938-PRCVK,0.10233333333333335
4825-XJGDM,0.24500000000000002
9953-ZMKSM,0.11200000000000002
5281-BUZGT,0.36100000000000004
9554-DFKIC,0.24
6358-LYNGM,0.372
4910-AQFFX,0.38
0581-MDMPW,0.386
8082-GHXOP,0.267
4283-IVYCI,0.195
7787-BNTZM,0.24499999999999997
0481-SUMCB,0.321
0112-QWPNC,0.312
5766-FTRTS,0.096
0023-HGHWL,0.29500000000000004
5453-AXEPF,0.366
7663-CUXZB,0.13899999999999998
4489-SNOJF,0.306
2761-OCIAX,0.35200000000000004
6849-OYAMU,0.30500000000000005
4323-SADQS,0.2
2789-HQBOU,0.372
9675-ICXCT,0.10700000000000001
1552-AAGRX,0.333
5360-LJCNJ,0.27
8735-SDUFN,0.092
5312-TSZVC,0.16899999999999998
1732-FEKLD,0.286
8766-PAFNE,0.159
1169-SAOCL,0.40700000000000003
6463-MVYRY,0.14500000000000002
4652-ODEVH,0.121
7693-QPEFS,0.298
8443-WVPSS,0.325
1575-KRZZE,0.21200000000000002
3950-VPYJB,0.179
8402-EIVQS,0.39
6029-CSMJE,0.261
5578-NKCXI,0.29100000000000004
5609-IMCGG,0.317
9408-HRXRK,0.279
6475-VHUIZ,0.238
1133-KXCGE,0.16773333333333335
1320-REHCS,0.38700000000000007
1407-DIGZV,0.11333333333333333
8805-JNRAZ,0.23199999999999998
7330-WZLNC,0.46900000000000003
0722-SVSFK,0.29799999999999993
3108-PCCGG,0.177
5600-KTXFM,0.325
0224-HJAPT,0.30100000000000005
6253-WRFHY,0.30700000000000005
3126-WQMGH,0.26399999999999996
9200-NLNPD,0.31999999999999995
7599-FKVXZ,0.41900000000000004
9172-JITSM,0.442
4201-JMNGR,0.22199999999999998
2845-AFFTX,0.46799999999999997
6695-AMZUF,0.14500000000000002
6620-HVDUJ,0.184
3247-MHJKM,0.238
8565-HBFNN,0.422
8788-DOXSU,0.279
5193-QLVZB,0.26400000000000007
1559-DTODC,0.27999999999999997
3873-WOSBC,0.10600000000000001
3638-DIMPH,0.238
2956-GGUCQ,0.277
2369-UAPKZ,0.42899999999999994
8337-MSSXB,0.39
8701-DGLVH,0.12000000000000002
4455-BFSPD,0.335
4367-NUYAO,0.2923
1814-WFGVS,0.083
9917-KWRBE,0.207
1833-VGRUM,0.36
9122-UMROB,0.238
1163-ONYEY,0.3
7548-SEPYI,0.40099999999999997
3387-VATUS,0.40700000000000003
4074-SJFFA,0.288
0374-AACSZ,0.23399999999999999
3597-YASZG,0.168
8967-SZQAS,0.268
4468-YDOVK,0.217
6032-KRXXO,0.39699999999999996
4098-NAUKP,0.378
1346-UFHAX,0.306
2018-PZKMU,0.387
1236-WFCDV,0.40099999999999997
6993-OHLXR,0.34199999999999997
9518-IMLHK,0.233
7598-UAASY,0.359
4911-BANWH,0.43
6038-GCYEC,0.278
6178-KFNHS,0.305
5989-OMNJE,0.246
8741-LQOBK,0.21999999999999997
7710-JSYOA,0.14400000000000002
4328-VUFWD,0.28600000000000003
5650-YLIBA,0.39099999999999996
8194-PEEBY,0.16433333333333333
5687-DKDTV,0.21939999999999998
8430-TWCBX,0.15099999999999997
9581-GVBXT,0.199
2277-DJJDL,0.366
9626-VFRGG,0.393
3753-TSEMP,0.41600000000000004
1455-UGQVH,0.437
7765-LWVVH,0.13999999999999999
6082-OQFBA,0.173
6344-SFJVH,0.301
1618-CFHME,0.363
2929-QNSRW,0.4
2000-MPKCA,0.29500000000000004
5322-TEUJK,0.15299999999999997
9172-ANCRX,0.27999999999999997
4835-YSJMR,0.171
7105-MXJLL,0.22600000000000003
8450-LUGUK,0.11858333333333333
0137-OCGAB,0.33999999999999997
2900-PHPLN,0.10600000000000001
4546-FOKWR,0.33399999999999996
8993-PHFWD,0.298
0537-QYZZN,0.271
6445-TNRXS,0.20800000000000002
6625-FLENO,0.11400000000000002
5472-CVMDX,0.10500000000000001
6479-SZPLM,0.10840000000000001
7120-RFMVS,0.44299999999999995
1043-UXOVO,0.192
0840-DCNZE,0.394
1430-SFQSA,0.19599999999999998
4633-MKHYU,0.36099999999999993
8450-UYIBU,0.296
5485-WUYWF,0.251
3217-FZDMN,0.284
9766-HGEDE,0.1694
5445-GLVOT,0.23500000000000001
0637-KVDLV,0.37
6616-AALSR,0.17
0524-IAVZO,0.32199999999999995
2587-YNLES,0.10700000000000001
4664-NJCMS,0.131
8468-EHYJA,0.219
3572-UUHRS,0.1702
1449-XQEMT,0.2645
2688-BHGOG,0.342
2243-FNMMI,0.2425
0958-YHXGP,0.319
5216-WASFJ,0.318
9658-WYUFB,0.379
8000-REIQB,0.346
9838-BFCQT,0.122
6518-KZXCB,0.12689999999999999
3292-PBZEJ,0.386
7550-WIQVA,0.41600000000000004
4229-CZMLL,0.37
0968-GSIKN,0.318
1501-SGHBW,0.267
8166-ORCHU,0.30500000000000005
2874-YXVVA,0.338
8963-JLGJT,0.23399999999999999
1393-IMKZG,0.32500000000000007
7446-YPODE,0.20400000000000001
8849-GYOKR,0.362
7055-HNEOJ,0.22199999999999998
0876-WDUUZ,0.284
1385-TQOZW,0.27199999999999996
1791-PQHBB,0.238
0603-TPMIB,0.10899999999999999
9625-RZFUK,0.121
5103-MHMHY,0.257
4826-XTSOH,0.47800000000000004
5639-NTUPK,0.255
7632-YUTXB,0.16433333333333333
0440-EKDCF,0.125
1015-OWJKI,0.238
9793-WECQC,0.393
2045-BMBTJ,0.195
9361-YNQWJ,0.14700000000000002
1301-LOPVR,0.253
3988-RQIXO,0.362
7665-NKLAV,0.119
5668-MEISB,0.133
1837-YQUCE,0.13999999999999999
1571-SAVHK,0.3590000000000001
9124-LHCJQ,0.32366666666666666
6427-FEFIG,0.13
8748-HFWBO,0.173
9174-FKWZE,0.2864
9031-ZVQPT,0.17600000000000002
2616-FLVQC,0.12000000000000002
1142-IHLOO,0.332
5003-XZWWO,0.142
2468-SJFLM,0.30100000000000005
1167-OYZJF,0.11099999999999999
7636-PEPNS,0.23399999999999999
9534-NSXEM,0.18
0907-HQNTS,0.17800000000000002
8185-UPYBR,0.383
1100-DDVRV,0.3
3272-VUHPV,0.20099999999999998
9314-IJWSQ,0.48600000000000004
7517-SAWMO,0.284
3198-VELRD,0.355
7055-JCGNI,0.192
2716-GFZOR,0.326
0761-AETCS,0.24139999999999998
6425-YQLLO,0.355
5848-FHRFC,0.11400000000000002
3550-SAHFP,0.343
2150-OEGBV,0.1694
7508-MYBOG,0.46799999999999997
0060-FUALY,0.36300000000000004
8879-ZKJOF,0.302
0440-QEXBZ,0.266
2979-SXESE,0.429
4439-YRNVD,0.27599999999999997
2832-SCUCO,0.25265
3084-DOWLE,0.146
4558-CGYCZ,0.2619333333333333
5504-WSIUR,0.23900000000000002
3961-SXAXY,0.267
0929-HYQEW,0.21200000000000002
9651-GTSAQ,0.41900000000000004
4063-EIKNQ,0.217
2830-LEWOA,0.324
3329-WDIOK,0.368
9447-YPTBX,0.16333333333333333
7217-JYHOQ,0.199
4973-RLZVI,0.2819999999999999
6357-JJPQT,0.383
7876-DNYAP,0.092
1699-TLDLZ,0.11000000000000001
5154-VEKBL,0.225
0961-ZWLVI,0.357
6773-LQTVT,0.28200000000000003
8232-UTFOZ,0.12000000000000002
3413-DHLPB,0.32599999999999996
3807-BPOMJ,0.266
4018-KJYUY,0.255
5219-YIPTK,0.392
9788-YTFGE,0.242
0667-NSRGI,0.309
7926-IJOOU,0.25
9242-TKFSV,0.131
6652-YFFJO,0.31799999999999995
0727-BNRLG,0.17800000000000002
5498-TXHLF,0.5139999999999999
8807-ARQET,0.328
4999-IEZLT,0.23500000000000001
2143-LJULT,0.101
0565-JUPYD,0.396
2266-SJNAT,0.40099999999999997
5652-MSDEY,0.315
1656-DRSMG,0.33499999999999996
3696-XRIEN,0.31899999999999995
5505-OVWQW,0.16773333333333335
1231-YNDEK,0.126
4010-YLMVT,0.277
5039-LZRQT,0.16839999999999997
2812-SFXMJ,0.256
8189-XRIKE,0.37499999999999994
0784-ZQJZX,0.121
2824-DXNKN,0.123
5590-BYNII,0.272
9251-WNSOD,0.221
5655-JSMZM,0.41200000000000003
6402-ZFPPI,0.279
0924-BJCRC,0.34700000000000003
0927-LCSMG,0.32
0187-QSXOE,0.41899999999999993
4311-QTTAI,0.15899999999999997
6418-HNFED,0.16
5269-NRGDP,0.254
1853-UDXBW,0.351
1641-RQDAY,0.45499999999999996
6892-EZDTG,0.47000000000000003
4611-ANLQC,0.227
0343-QLUZP,0.13
7396-VJUZB,0.258
6855-VLGOS,0.14
4993-JCRGJ,0.32999999999999996
7901-HXJVA,0.36900000000000005
7216-KAOID,0.1454
9385-NXKDA,0.149
7054-LGEQW,0.24666666666666667
8495-LJDFO,0.24500000000000002
1077-HUUJM,0.362
3768-VHXQO,0.10600000000000001
2725-KXXWT,0.37
0431-APWVY,0.324
7305-ZWMAJ,0.1674
5461-QKNTN,0.39999999999999997
0311-QYWSS,0.23500000000000001
8325-QRPZR,0.328
1178-PZGAB,0.15833333333333335
0420-BWTPW,0.27
5198-HQAEN,0.28700000000000003
5804-JMYIO,0.11333333333333333
1905-OEILC,0.20873333333333335
4320-QMLLA,0.315
0208-BPQEJ,0.236
9360-AHGNL,0.272
8722-NGNBH,0.19
6874-SGLHU,0.417
1084-MNSMJ,0.121
8212-CRQXP,0.378
2351-RRBUE,0.158
5108-ADXWO,0.32999999999999996
7602-DBTOU,0.10640000000000001
4763-PGDPO,0.34199999999999997
3022-BEXHZ,0.189
6131-FOYAS,0.221
6278-FEPBZ,0.20773333333333333
9091-WTUUY,0.084
4007-NHVHI,0.22999999999999998
7780-OTDSO,0.236
9469-WEJBT,0.28700000000000003
6620-JDYNW,0.19999999999999998
4393-OBCRR,0.17356666666666665
2160-GPFXD,0.10900000000000001
8544-JNBOX,0.11400000000000002
4317-VTEOA,0.29399999999999993
0260-ZDLGK,0.267
9885-MFVSU,0.11700000000000002
3192-LNKRK,0.414
3566-HJGPK,0.254
8180-AKMJV,0.277
2011-TRQYE,0.269
2272-JKMSI,0.375
6248-BSHKG,0.17099999999999999
4536-PLEQY,0.32199999999999995
5062-CJJKH,0.264
9685-WKZGT,0.33499999999999996
9824-QCJPK,0.18639999999999998
6741-EGCBI,0.288
2649-HWLYB,0.146
6960-HVYXR,0.363
9822-WMWVG,0.355
7579-KKLOE,0.10899999999999999
6244-BESBM,0.17700000000000002
4138-NAXED,0.299
3521-HTQTV,0.11786666666666665
1498-DQNRX,0.23064999999999997
9356-AXGMP,0.355
6543-XRMYR,0.391
2120-SMPEX,0.26549999999999996
5197-YPYBZ,0.091
3457-PQBYH,0.092
6896-SRVYQ,0.354
8800-JOOCF,0.471
9948-YPTDG,0.308
5133-POWUA,0.254
1171-TYKUR,0.272
6410-LEFEN,0.28900000000000003
5859-HZYLF,0.10600000000000001
9972-EWRJS,0.10700000000000001
6557-BZXLQ,0.34500000000000003
6674-KVJHG,0.2044
0014-BMAQU,0.16
5458-CQJTA,0.168
1928-BXYIV,0.231
8816-VXNZD,0.363
9392-XBGTD,0.1444
1544-JJMYL,0.27
8687-BAFGU,0.355
1725-IQNIY,0.233
0461-CVKMU,0.35300000000000004
8563-OYMQY,0.3
6217-TOWGS,0.267
9614-RMGHA,0.479
4981-FLTMF,0.20400000000000001
7271-AJDTL,0.417
2039-JONDJ,0.19799999999999998
6559-ILWKJ,0.253
6331-EWIEB,0.454
2642-MAWLJ,0.10333333333333332
1032-MAELW,0.213
0519-DRGTI,0.24500000000000002
2773-MADBQ,0.073
8780-IHCRN,0.10500000000000001
6128-AQBMT,0.331
4238-HFHSN,0.38
8200-KLNYW,0.221
2817-LVCPP,0.11100000000000002
1899-VXWXM,0.394
6946-LMSQS,0.292
9734-UYXQI,0.309
3006-XIMLN,0.414
5816-JMLGY,0.124
2951-QOQTK,0.357
0709-TVGUR,0.36
5914-DVBWJ,0.38899999999999996
6963-KQYQB,0.10999999999999999
8809-XKHMD,0.196
1465-LNTLJ,0.23899999999999996
5469-NUJUR,0.121
7868-TMWMZ,0.188
9300-AGZNL,0.413
8950-MTZNV,0.253
6762-QVYJO,0.069
5056-FIMPT,0.333
7351-MHQVU,0.23600000000000004
5296-PSYVW,0.11640000000000002
5446-DKWYW,0.27599999999999997
0723-VSOBE,0.267
5378-IKEEG,0.347
2235-ZGKPT,0.277
9845-PEEKO,0.153
7641-TQFHN,0.191
6474-FVJLC,0.371
7754-IXRMC,0.24500000000000002
8550-XSXUQ,0.291
1153-GNOLC,0.279
0866-QLSIR,0.21400000000000002
8914-RBTSB,0.515
0430-IHCDJ,0.31100000000000005
9708-HPXWZ,0.28700000000000003
7869-ZYDST,0.321
1399-UBQIU,0.26799999999999996
6818-WOBHJ,0.352
3537-HPKQT,0.338
8384-FZBJK,0.5029999999999999
7180-PISOG,0.38
1335-HQMKX,0.429
6181-AXXYF,0.10500000000000001
2607-FBDFF,0.23600000000000004
9667-TKTVZ,0.258
5275-SQEIZ,0.34400000000000003
4797-MIWUM,0.246
4626-GYCZP,0.445
8755-IWJHN,0.29900000000000004
3567-PQTSO,0.414
8466-PZBLH,0.181
4585-HETAI,0.38499999999999995
3891-NLXJB,0.099
4547-LYTDD,0.36299999999999993
2897-DOVND,0.35700000000000004
8035-BUYVG,0.246
6791-YBNAK,0.276
4946-EDSEW,0.31300000000000006
5349-AZPEW,0.261
7854-EDSSA,0.22999999999999998
9565-JSNFM,0.26399999999999996
3709-OIJEA,0.29900000000000004
0620-XEFWH,0.2682333333333333
5356-CSVSQ,0.329
2480-EJWYP,0.32
2770-NSVDG,0.31399999999999995
9578-VRMNM,0.25599999999999995
2361-UPSND,0.227
4307-KTUMW,0.37
1017-FBQMM,0.29700000000000004
6904-JLBGY,0.16099999999999998
0794-YVSGE,0.11099999999999999
5777-KJIRB,0.21200000000000002
8399-YNDCH,0.251
3865-ZFZIB,0.125
4706-AXVKM,0.31599999999999995
9142-XMYJH,0.24391666666666664
8565-CLBZW,0.404
5293-WXJAK,0.332
9065-ZCPQX,0.14300000000000002
1087-UDSIH,0.26231666666666664
4191-XOVOM,0.40700000000000003
5019-GQVCR,0.42800000000000005
7893-IXHRQ,0.276
0516-QREYC,0.2829833333333333
8740-CRYFY,0.404
5857-TYBCJ,0.48200000000000004
4366-CTOUZ,0.131
9894-QMIMJ,0.2
5871-DGTXZ,0.19790000000000002
3623-FQBOX,0.25
1728-CXQBE,0.358
0788-DXBFY,0.187
8007-YYPWD,0.11033333333333335
4760-XOHVN,0.246
7851-WZEKY,0.403
7684-XSZIY,0.11200000000000002
7608-RGIRO,0.125
4423-YLHDV,0.29300000000000004
7375-WMVMT,0.159
4433-JCGCG,0.46799999999999997
1226-UDFZR,0.261
8714-CTZJW,0.2899999999999999
2700-LUEVA,0.25
5201-FRKKS,0.29500000000000004
7206-GZCDC,0.346
3307-TLCUD,0.23200000000000004
5884-GCYMI,0.324
1518-OMDIK,0.259
2129-ALKBS,0.28700000000000003
1219-NNDDO,0.363
6050-FFXES,0.17
5006-MXVRN,0.11591666666666667
1582-RAFML,0.21200000000000002
8887-IPQNC,0.253
7073-QETQY,0.187
4872-JCVCA,0.11000000000000001
2208-MPXIO,0.11258333333333334
1166-PQLGG,0.1
6734-GMPVK,0.484
9481-IEBZY,0.266
5248-RPYWW,0.16599999999999998
8980-WQFWL,0.257
4860-YZGZM,0.27599999999999997
3910-MRQOY,0.11400000000000002
0428-AXXLJ,0.182
1482-OXZSY,0.29400000000000004
0096-BXERS,0.304
1069-QJOEE,0.20139999999999997
5696-QURRL,0.253
3896-ZVNET,0.11533333333333333
4360-QRAVE,0.279
4290-BSXUX,0.316
3902-MIVLE,0.093
0376-YMCJC,0.4149999999999999
5862-BRIXZ,0.179
0093-EXYQL,0.362
3948-KXDUF,0.14800000000000002
7519-JTWQH,0.17400000000000002
1907-YLNYW,0.187
2626-VEEWG,0.10200000000000001
0064-YIJGF,0.34900000000000003
3523-QRQLL,0.28500000000000003
2434-EEVDB,0.158
3494-JCHRQ,0.35700000000000004
6923-AQONU,0.125
2812-REYAT,0.16333333333333333
1257-SXUXQ,0.2682333333333333
4680-KUTAJ,0.23899999999999996
5018-GWURO,0.41400000000000003
9552-TGUZV,0.27
2176-OSJUV,0.123
3806-DXQOM,0.252
6134-KWTBV,0.11599999999999999
2522-AHJXR,0.31
4565-NLZBV,0.12
0531-ZZJWQ,0.358
8063-GBATB,0.317
6568-POCUI,0.187
5047-LHVLY,0.264
1614-JBEBI,0.24939999999999998
4658-HCOHW,0.377
0673-IGUQO,0.238
6510-UPNKS,0.16291666666666668
7077-XJMET,0.22199999999999998
6985-HAYWX,0.311
5311-IHLEI,0.23600000000000004
6770-XUAGN,0.30199999999999994
3365-SAIGS,0.41200000000000003
9373-WSLOY,0.261
0017-DINOC,0.164
5781-BKHOP,0.149
2519-FAKOD,0.496
8146-QQKZH,0.135
1591-XWLGB,0.10400000000000001
5572-ZDXHY,0.38
9805-FILKB,0.15300000000000002
1731-TVIUK,0.38899999999999996
1820-DJFPH,0.11299999999999999
6086-ESGRL,0.32199999999999995
7021-XSNYE,0.10200000000000001
2325-ZUSFD,0.267
2141-RRYGO,0.27199999999999996
3969-GYXEL,0.305
8679-JOEVF,0.31500000000000006
0365-GXEZS,0.308
6921-OZMFH,0.24299999999999997
1431-AIDJQ,0.11599999999999999
3125-RAHBV,0.16899999999999998
5307-DZCVC,0.379
5527-ACHSO,0.255
9269-CQOOL,0.28300000000000003
5117-ZSMHQ,0.122
7024-OHCCK,0.375
7524-VRLPL,0.18
9518-RWHZL,0.37499999999999994
4892-VLANZ,0.238
7967-HYCDE,0.321
8433-WXGNA,0.32999999999999996
2525-GVKQU,0.10640000000000001
4495-LHSSK,0.21116666666666664
8065-BVEPF,0.269
1197-BVMVG,0.359
1345-GKDZZ,0.253
6203-HBZPA,0.17099999999999999
9138-EFSMO,0.258
1193-RTSLK,0.353
8857-CUPFQ,0.11400000000000002
8347-GDTMP,0.10400000000000001
2203-GHNWN,0.32399999999999995
8623-TMRBY,0.378
4652-NNHNY,0.358
2023-VQFDL,0.27799999999999997
5494-HECPR,0.383
0754-EEBDC,0.1277333333333333
1732-VHUBQ,0.34900000000000003
0516-VRYBW,0.14500000000000002
8076-FEZKJ,0.185
9208-OLGAQ,0.28900000000000003
8393-DLHGA,0.413
8152-VETUR,0.22800000000000004
2014-MKGMH,0.36900000000000005
5788-YPOEG,0.077
7852-LECYP,0.321
1465-WCZVT,0.2648333333333333
0137-UDEUO,0.22298333333333337
5999-LCXAO,0.207
1391-UBDAR,0.37
8908-NMQTX,0.162
9537-JALFH,0.11099999999999999
8670-ERCJH,0.255
7402-PWYJJ,0.376
8336-TAVKX,0.159
4859-ZSRDZ,0.127
7625-XCQRH,0.363
3023-GFLBR,0.375
7446-KQISO,0.189
5457-COLHT,0.11200000000000002
8161-QYMTT,0.445
0661-XEYAN,0.27599999999999997
8809-RIHDD,0.324
7613-LLQFO,0.454
8309-PPCED,0.198
5793-YOLJN,0.10700000000000001
6670-MFRPK,0.174
4355-CVPVS,0.284
5067-WJEUN,0.11300000000000002
9497-QCMMS,0.413
4730-AWNAU,0.255
3496-LFSZU,0.354
1689-MRZQR,0.465
8107-KNCIM,0.35699999999999993
8200-LGKSR,0.124
5802-ADBRC,0.254
7855-DIWPO,0.35
0310-SUCIN,0.354
3312-UUMZW,0.453
3902-FOIGH,0.471
2883-ILGWO,0.289
2262-SLNVK,0.34299999999999997
2122-SZZZD,0.17120000000000002
3446-QDSZF,0.32700000000000007
5799-JRCZO,0.10700000000000001
4003-OCTMP,0.23199999999999998
9274-UARKJ,0.358
1023-BQXZE,0.182
9646-NMHXE,0.12123333333333335
0564-MUUQK,0.32599999999999996
4365-MSDYN,0.259
3647-GMGDH,0.39899999999999997
5950-AAAGJ,0.445
2926-JEJJC,0.154
2433-KMEAS,0.25
7943-RQCHR,0.403
3481-JHUZH,0.387
4988-IQIGL,0.338
7740-KKCXF,0.274
4735-ASGMA,0.421
9225-BZLNZ,0.11599999999999999
2959-MJHIC,0.41000000000000003
3629-ZNKXA,0.36900000000000005
6595-COKXZ,0.26
0829-XXPLX,0.3390000000000001
0274-JKUJR,0.266
2111-DWYHN,0.238
1849-RJYIG,0.246
5014-WUQMG,0.317
8740-XLHDR,0.19099999999999998
2568-BRGYX,0.35700000000000004
1568-LJSZU,0.145
0337-CNPZE,0.45
5529-GIBVH,0.10640000000000001
8261-GWDBQ,0.197
9436-ZBZCT,0.4149999999999999
2587-EKXTS,0.246
3258-SYSWS,0.219
3415-TAILE,0.344
5370-IIVVL,0.43
4182-BGSIQ,0.263
5501-TVMGM,0.28900000000000003
1567-DSCIC,0.506
3334-CTHOL,0.273
3066-RRJIO,0.318
4472-VESGY,0.314
8982-NHAVY,0.392
0107-WESLM,0.271
0523-VNGTF,0.25199999999999995
0378-TOVMS,0.36999999999999994
2811-POVEX,0.29900000000000004
1697-BCSHV,0.271
4760-THGOT,0.225
7776-QWNFX,0.271
6161-ERDGD,0.258
0988-AADSA,0.11400000000000002
4425-OWHWB,0.162
8267-KFGYD,0.271
5846-QFDFI,0.30900000000000005
6139-ZZRBQ,0.10699999999999998
6821-JPCDC,0.385
9677-AVKED,0.26799999999999996
9513-DXHDA,0.273
4065-JJAVA,0.269
2882-WDTBA,0.127
5827-MWCZK,0.327
9974-JFBHQ,0.299
8480-PPONV,0.184
7416-CKTEP,0.123
2952-QAYZF,0.386
5835-BEQEU,0.37
6651-AZVTJ,0.524
1568-BEKZM,0.20400000000000001
2332-TODQS,0.16
1702-CCFNJ,0.20599999999999996
7247-XOZPB,0.281
7881-EVUAD,0.23700000000000002
1898-JSNDC,0.23499999999999996
2873-ZLIWT,0.384
4827-DPADN,0.121
0988-JRWWP,0.325
4623-ZKHLY,0.265
1142-WACZW,0.23900000000000002
3474-BAFSJ,0.17099999999999999
7047-YXDMZ,0.2425
9350-ZXYJC,0.10500000000000001
1915-IOFGU,0.34299999999999997
7872-BAAZR,0.13199999999999998
6968-URWQU,0.251
6112-KTHFQ,0.2584
3754-DXMRT,0.288
2606-PKWJB,0.175
5624-BQSSA,0.20873333333333335
9306-CPCBC,0.363
3572-UOLYZ,0.311
0848-ZGQIJ,0.362
9862-KJTYK,0.28600000000000003
1986-PHGZF,0.23499999999999996
8104-OSKWT,0.302
2195-ZRVAX,0.33199999999999996
4800-CZMPC,0.315
2190-BCXEC,0.319
7617-EYGLW,0.276
4039-HEUNW,0.4720000000000001
7346-MEDWM,0.381
4706-DGAHW,0.289
1769-GRUIK,0.35
6732-VAILE,0.138
1013-QCWAM,0.42400000000000004
7928-VJYAB,0.438
1730-ZMAME,0.318
9593-CVZKR,0.123
2192-OZITF,0.127
1245-HARPS,0.10939999999999998
0641-EVBOJ,0.252
5482-VXSXJ,0.349
4902-OHLSK,0.41500000000000004
7338-ERIVA,0.20599999999999996
7409-JURKQ,0.41100000000000003
0774-IFUVM,0.25
6311-UEUME,0.383
0975-VOOVL,0.25133333333333335
2091-MJTFX,0.301
3473-XIIIT,0.4109999999999999
6374-NTQLP,0.14
4404-HIBDJ,0.225
9688-YGXVR,0.37600000000000006
9097-ZUBYC,0.211
4547-FZJWE,0.23900000000000002
8348-HFYIV,0.285
3178-CIFOT,0.16225
8775-ERLNB,0.38299999999999995
4415-WNGVR,0.24
4116-TZAQJ,0.30999999999999994
4737-AQCPU,0.13
7480-QNVZJ,0.41200000000000003
0203-HHYIJ,0.16040000000000001
8089-UZWLX,0.189
0836-SEYLU,0.24300000000000002
5986-WWXDV,0.15839999999999999
0257-KXZGU,0.23399999999999999
8499-BRXTD,0.187
9089-UOWJG,0.29
1579-KLYDT,0.453
2408-WITXK,0.294
8234-GSZYK,0.11599999999999999
0471-LVHGK,0.327
2665-NPTGL,0.34099999999999997
3351-NQLDI,0.316
1101-SSWAG,0.299
5442-XSDCW,0.39
0655-YDGFJ,0.257
0916-QOFDP,0.45299999999999996
1492-QGCLU,0.253
2819-GWENI,0.16533333333333333
4391-LNRXK,0.273
3400-ESFUW,0.11299999999999999
5989-PGKJB,0.39
0354-VXMJC,0.10500000000000001
7306-YDSOI,0.121
1897-RCFUM,0.18358333333333335
1636-NTNCO,0.28700000000000003
6685-GBWJZ,0.277
8356-WUAOJ,0.277
7036-ZZKBD,0.22800000000000004
6164-HAQTX,0.146
9134-CEQMF,0.41899999999999993
5028-GZLDO,0.333
4806-HIPDW,0.355
6481-LXPWL,0.20800000000000002
3398-GCPMU,0.177
1661-CZBAU,0.30900000000000005
0533-UCAAU,0.254
5701-ZIKJE,0.215
5397-TUPSH,0.22799999999999998
7978-DKUQH,0.35
2135-DQWAQ,0.374
7317-GGVPB,0.21000000000000002
3635-QQRQD,0.119
3374-PZLXD,0.2562333333333333
2359-KLTEK,0.38899999999999996
5396-IZEPB,0.248
5701-SVCWR,0.24000000000000005
5780-INQIK,0.27699999999999997
8945-MUQUF,0.31100000000000005
3199-XGZCY,0.363
2333-KWEWW,0.12200000000000003
8259-NFJTV,0.186
3506-OVLKD,0.16086666666666666
8069-RHUXK,0.11699999999999999
8670-MEFCP,0.135
7319-ZNRTR,0.197
2632-IVXVF,0.142
2230-XTUWL,0.11433333333333336
1936-CZAKF,0.209
4607-CHPCA,0.349
5360-XGYAZ,0.136
4505-EXZHB,0.31399999999999995
6656-JWRQX,0.23500000000000001
4016-BJKTZ,0.14500000000000002
0637-YLETY,0.32199999999999995
5897-ZYEKH,0.274
8097-VBQTZ,0.181
5302-BDJNT,0.41900000000000004
7114-AEOZE,0.11400000000000002
0585-EGDDA,0.366
7975-JMZNT,0.16599999999999998
1478-VPOAD,0.28900000000000003
9720-JJJOR,0.20400000000000001
9207-ZPANB,0.258
1395-WSWXR,0.1285
4626-OZDTJ,0.305
8231-BSWXX,0.238
5482-PLVPE,0.277
8022-BECSI,0.187
2002-MZHWP,0.20873333333333335
7634-WSWDB,0.21200000000000002
6682-VCIXC,0.2
9415-TPKRV,0.296
1349-WXNGG,0.24699999999999997
7993-NQLJE,0.275
7622-FWGEW,0.16899999999999998
9430-NKQLY,0.10800000000000001
0409-WTMPL,0.374
2277-VWCNI,0.252
7963-GQRMY,0.254
5294-DMSFH,0.37699999999999995
8610-ZIKJJ,0.16099999999999998
6372-RFVNS,0.418
3308-JSGML,0.14500000000000002
2632-UCGVD,0.426
8250-ZNGGW,0.257
4900-MSOMT,0.11599999999999999
6627-CFOSN,0.25999999999999995
7594-LZNWR,0.31199999999999994
7470-MCQTK,0.271
8566-YPRGL,0.2534
6693-DJWTY,0.186
5236-XMZJY,0.20800000000000002
4176-FXYBO,0.3
5266-PFRQK,0.14100000000000001
1796-JANOW,0.21006666666666668
5447-WZAFP,0.31500000000000006
0626-QXNGV,0.101
4829-AUOAX,0.429
7274-CGTOD,0.122
5307-UVGNB,0.244
3144-AUDBS,0.24
0003-MKNFE,0.24
5038-ETMLM,0.22799999999999998
8433-WPJTV,0.27
8543-MSDMF,0.17400000000000002
6648-INWPS,0.261
8791-GFXLZ,0.265
6784-XYJAE,0.23899999999999996
1322-AGOQM,0.28700000000000003
3211-ILJTT,0.33199999999999996
4951-UKAAQ,0.385
2927-QRRQV,0.35100000000000003
4424-TKOPW,0.41100000000000003
8644-XYTSV,0.24900000000000003
0840-DFEZH,0.363
1485-YDHMM,0.284
3717-LNXKW,0.33799999999999997
8219-VYBVI,0.127
2754-SDJRD,0.33799999999999997
0074-HDKDG,0.20400000000000001
4854-CIDCF,0.313
2530-FMFXO,0.19999999999999998
2430-RRYUW,0.20099999999999998
2592-SEIFQ,0.31100000000000005
0582-AVCLN,0.11556666666666666
7442-YGZFK,0.28900000000000003
2851-MMUTZ,0.231
9084-OAYKL,0.12000000000000002
2187-LZGPL,0.298
8224-DWCKX,0.30999999999999994
4418-LZMSV,0.21499999999999994
2955-BJZHG,0.465
3927-NLNRY,0.41400000000000003
9776-OJUZI,0.308
2706-QZIHY,0.10373333333333332
2074-GKOWZ,0.38
9798-OPFEM,0.13706666666666667
6137-NICCO,0.5029999999999999
2265-CYWIV,0.268
8197-BFWVU,0.132
5566-SOEZD,0.23500000000000001
1069-XAIEM,0.31799999999999995
3982-JGSFD,0.18
6729-GDNGC,0.357
8229-BUJHX,0.1
4707-YNOQA,0.13758333333333334
8429-XIBUM,0.29400000000000004
5955-EPOAZ,0.2484
6506-EYCNH,0.26833333333333337
9518-XXBXE,0.361
8717-VCTXJ,0.18496666666666667
5117-IFGPS,0.352
0301-KOBTQ,0.13
3249-ZPQRG,0.348
5027-XWQHA,0.29700000000000004
2673-ZALNP,0.16440000000000002
6849-WLEYG,0.256
0707-HOVVN,0.134
8630-FJLIB,0.35
5922-ABDVO,0.303
0895-DQHEW,0.48100000000000004
2774-LVQUS,0.342
7663-YJHSN,0.195
5372-FBKBN,0.2415
7696-CFTAT,0.11539999999999999
6481-ESCNL,0.399
4822-YCXMX,0.371
4884-TVUQF,0.157
4967-WPNCF,0.162
2429-AYKKO,0.123
0330-BGYZE,0.375
1734-ZMNTZ,0.11099999999999999
4312-GVYNH,0.124
9993-LHIEB,0.079
4770-UEZOX,0.381
3318-OSATS,0.41200000000000003
6867-ACCZI,0.079
9359-UGBTK,0.261
9121-PHQSR,0.40099999999999997
6823-SIDFQ,0.17040000000000002
8631-XVRZL,0.16899999999999998
9057-SIHCH,0.403
6890-PFRQX,0.221
2565-JSLRY,0.22999999999999998
3794-NFNCH,0.23200000000000004
7569-NMZYQ,0.179
0013-SMEOE,0.188
6240-EURKS,0.30999999999999994
6584-VQMYT,0.192
1064-FBXNK,0.146
4712-UYOOI,0.26
3148-BLQJT,0.238
8337-UPOAQ,0.37
9365-CSLBQ,0.127
2612-RANWT,0.371
0487-CRLZF,0.144
1891-FZYSA,0.53
8220-OCUFY,0.219
5016-LIPDW,0.17099999999999999
8532-UEFWH,0.121
5977-CKHON,0.358
4395-PZMSN,0.33599999999999997
4090-KPJIP,0.363
8751-EDEKA,0.32
5451-YHYPW,0.17800000000000002
0020-INWCK,0.18400000000000002
0121-SNYRK,0.20800000000000002
3657-COGMW,0.27799999999999997
9367-OIUXP,0.2552333333333333
8706-HRADD,0.183
8263-OKETD,0.23200000000000004
3130-ICDUP,0.31999999999999995
7188-CBBBA,0.304
0415-MOSGF,0.246
8332-OSJDW,0.18
5131-PONJI,0.41100000000000003
0031-PVLZI,0.26366666666666666
1299-AURJA,0.101
8922-NPKBJ,0.1277333333333333
2853-CWQFQ,0.246
6505-OZNPG,0.077
9350-VLHMB,0.333
8395-ETZKQ,0.133
1985-MBRYP,0.11958333333333333
7698-YFGEZ,0.238
1207-BLKSA,0.10899999999999999
9821-POOTN,0.383
1179-INLAT,0.1775
9432-RUVSL,0.189
7107-UBYKY,0.2979166666666667
0549-CYCQN,0.22800000000000004
7779-LGOVN,0.354
9277-JOOMO,0.22791904761904763
7673-LPRNY,0.24699999999999997
6993-YGFJV,0.27
9430-FRQOC,0.358
2748-MYRVK,0.357
0222-CNVPT,0.23600000000000004
6922-NCEDI,0.16499999999999998
2889-FPWRM,0.5890000000000001
3524-WQDSG,0.462
4530-NDRKU,0.18433333333333332
0244-LGNFY,0.122
3750-CKVKH,0.35700000000000004
5899-OUVKV,0.40099999999999997
2740-TVLFN,0.31100000000000005
2908-WGAXL,0.097
2037-SGXHH,0.547
9184-GALIL,0.26366666666666666
6861-XWTWQ,0.46799999999999997
3284-SVCRO,0.1024
6689-TCZHQ,0.324
8390-FESFV,0.129
7321-VGNKU,0.356
4232-JGKIY,0.276
7850-THJMU,0.093
1360-XFJMR,0.409
4402-FTBXC,0.30700000000000005
6265-SXWBU,0.261
2391-SOORI,0.251
2739-CCZMB,0.253
3452-ABWRL,0.354
0420-HLGXF,0.33399999999999996
6818-DJXAA,0.35
7410-KTVFV,0.23400000000000004
7669-LCRSD,0.29600000000000004
1852-XEMDW,0.19
9483-GCPWE,0.182
4304-TSPVK,0.2
1073-XXCZD,0.11299999999999999
2361-FJWNO,0.244
0930-EHUZA,0.21800000000000003
1097-FSPVW,0.24500000000000002
4566-QVRRW,0.281
4283-FUTGF,0.31900000000000006
5353-WILCI,0.21200000000000002
8042-RNLKO,0.15899999999999997
1867-TJHTS,0.29
8224-KDLKN,0.11200000000000002
3470-OBUET,0.11400000000000002
6848-YLDFR,0.26
7694-VLBWQ,0.449
3259-QMXUN,0.11599999999999999
6870-ECSHE,0.16839999999999997
4140-MUHUG,0.355
7311-MQJCH,0.19581666666666667
5821-MMEIL,0.11400000000000002
1565-RHDJD,0.346
3097-IDVPU,0.271
8205-MQUGY,0.227
8350-NYMVI,0.233
7511-YMXVQ,0.331
2000-DHJUY,0.16699999999999998
1845-CSBRZ,0.396
7089-RKVSZ,0.179
2105-PHWON,0.325
2692-BUCFV,0.268
5296-BFCYD,0.123
2167-FQSTQ,0.095
0404-AHASP,0.11299999999999999
4302-ZYFEL,0.14100000000000001
7825-GKXMW,0.29000000000000004
3717-FDJFU,0.131
1866-NXPSP,0.22599999999999998
8593-WHYHV,0.371
2123-VSCOT,0.118
8824-RWFXJ,0.265
1085-LDWAM,0.131
9847-HNVGP,0.188
7321-PKUYW,0.42699999999999994
7994-UYIVZ,0.34199999999999997
6901-GOGZG,0.158
3269-ATYWD,0.333
9391-EOYLI,0.368
6661-EIPZC,0.219
4644-PIZRT,0.22599999999999998
9025-ZRPVR,0.24499999999999997
0899-LIIBW,0.479
5155-AZQPB,0.277
2696-RZVZW,0.10600000000000001
8375-KVTHK,0.40099999999999997
2150-WLKUW,0.225
0608-JDVEC,0.132
4389-UEFCZ,0.135
4291-HPAXL,0.256
0307-BCOPK,0.16839999999999997
7245-NIIWQ,0.35
3669-WHAFY,0.205
0319-QZTCO,0.267
0495-ZBNGW,0.32
6465-GSRCL,0.29
7297-DVYGA,0.16083333333333333
0621-CXBKL,0.10640000000000001
2007-QVGAW,0.10700000000000001
8652-YHIYU,0.23200000000000004
5177-RVZNU,0.14533333333333331
8160-HOWOX,0.319
4890-VMUAV,0.258
6362-QHAFM,0.43200000000000005
8166-ZZTFS,0.27599999999999997
9351-LZYGF,0.22000000000000003
0142-GVYSN,0.28250000000000003
7903-CMPEY,0.27999999999999997
8696-JKZNU,0.359
1088-AUUZZ,0.121
6100-FJZDG,0.15100000000000002
2829-HYVZP,0.1815
0757-WCUUZ,0.156
1792-UXAFY,0.376
6402-SSEJG,0.24500000000000002
2568-OIADY,0.327
4250-FDVOU,0.21200000000000002
5651-WYIPH,0.279
3511-APPBJ,0.382
5158-RIVOP,0.093
1502-XFCVR,0.315
9986-BONCE,0.2528690476190476
5201-USSQZ,0.302
8970-ANWXO,0.296
2656-TABEH,0.45199999999999996
1813-JLKWR,0.13199999999999998
2466-FCCPT,0.13199999999999998
7501-VTYLJ,0.258
0440-UEDAI,0.32799999999999996
7359-PTSXY,0.298
9674-EHPPG,0.126
9054-FOWNV,0.519
9052-VKDUW,0.213
1247-QBVSH,0.257
4510-HIMLV,0.35700000000000004
0679-IDSTG,0.366
6598-RFFVI,0.17099999999999999
7627-JKIAZ,0.323
0880-FVFWF,0.318
9522-BNTHX,0.288
1304-NECVQ,0.327
1306-RPWXZ,0.10700000000000001
1666-JZPZT,0.25199999999999995
9099-FTUHS,0.258
8910-LEDAG,0.319
2720-FVBQP,0.271
4194-WHFCB,0.263
2065-MMKGR,0.32
4255-DDUOU,0.314
2612-PHGOX,0.15300000000000002
4159-NAAIX,0.22999999999999998
3001-CBHLQ,0.383
2207-QPJED,0.343
9992-UJOEL,0.255
7109-CQYUZ,0.098
2484-DGXPZ,0.32333333333333336
8404-VIOMB,0.131
8601-QACRS,0.267
6242-SGYTS,0.27799999999999997
7919-ZODZZ,0.22999999999999998
4195-PNGZS,0.11200000000000002
2800-QQUSO,0.39699999999999996
7785-RDVIG,0.2618333333333333
0813-TAXXS,0.22599999999999998
6715-OFDBP,0.26799999999999996
9135-HSWOC,0.11699999999999999
4735-BJKOU,0.11355
7336-RLLRH,0.255
9137-NOQKA,0.28099999999999997
1741-WTPON,0.118
4452-QIIEB,0.26399999999999996
8345-MVDYC,0.13999999999999999
0883-EIBTI,0.20973333333333333
8710-YGLWG,0.253
5346-BZCHP,0.10700000000000001
7398-HPYZQ,0.16599999999999998
0655-RBDUG,0.409
3213-VVOLG,0.2923
6242-MBHPK,0.289
0661-KBKPA,0.266
5276-KQWHG,0.34500000000000003
8931-GJJIQ,0.343
9488-HGMJH,0.346
8619-IJNDK,0.123
2609-IAICY,0.363
2674-MIAHT,0.34199999999999997
6121-VZNQB,0.2534
3764-MNMOI,0.1242
7361-YPXFS,0.21100000000000002
5071-FBJFS,0.24
5312-UXESG,0.399
0564-JJHGS,0.445
0324-BRPCJ,0.42400000000000004
7839-NUIAA,0.22400000000000003
5214-NLTIT,0.207
1293-HHSHJ,0.17356666666666665
7197-VOJMM,0.132
5692-FPTAH,0.259
7079-QRCBC,0.377
1136-XGEQU,0.259
7130-CTCUS,0.22999999999999998
6585-WCEWR,0.14
8622-ZLFKO,0.33499999999999996
4925-LMHOK,0.263
7103-ZGVNT,0.22000000000000003
4804-NCPET,0.123
6749-UTDVX,0.187
7244-KXYZN,0.15991666666666665
3373-YZZYM,0.246
9495-SKLKD,0.36500000000000005
0906-QVPMS,0.233
1569-TTNYJ,0.387
4030-VPZBD,0.272
3877-JRJIP,0.34400000000000003
5914-XRFQB,0.27
6173-ITPWD,0.35900000000000004
2223-GDSHL,0.20800000000000002
1131-SUEKT,0.34900000000000003
6242-FEGFD,0.11099999999999999
2878-RMWXY,0.16899999999999998
5855-EIBDE,0.16099999999999998
4256-ZWTZI,0.242
9575-IWCAZ,0.185
0277-ORXQS,0.14200000000000002
8680-CGLTP,0.23500000000000001
7516-GMHUV,0.195
7206-PQBBZ,0.361
5423-BHIXO,0.307
3325-FUYCG,0.38
4647-MUZON,0.359
8714-EUHJO,0.406
8290-YWKHZ,0.39099999999999996
0869-PAPRP,0.311
2305-MRGLV,0.27
3863-IUBJR,0.22999999999999998
8242-JSVBO,0.26399999999999996
5227-JSCFE,0.14400000000000002
2197-OMWGI,0.21200000000000002
3717-OEAUQ,0.32199999999999995
1074-AMIOH,0.305
6844-DZKRF,0.23000000000000004
7479-NITWS,0.421
7176-WIONM,0.271
3453-RTHJQ,0.35700000000000004
0581-BXBUB,0.33199999999999996
9030-QGZNL,0.10640000000000001
3656-TKRVZ,0.21200000000000002
8999-XXGNS,0.328
1125-SNVCK,0.254
1784-BXEFA,0.2524
8573-JGCZW,0.182
7137-RYLPP,0.479
7716-YTYHG,0.329
8992-CEUEN,0.24139999999999998
2072-ZVJJX,0.11299999999999999
9824-BEMCV,0.35200000000000004
4947-DSMXK,0.429
2662-NNTDK,0.17099999999999999
9667-EQRXU,0.296
9136-ALYBR,0.258
1022-RKXDR,0.1764666666666667
2585-KTFRE,0.18799999999999997
2439-QKJUL,0.23499999999999996
7853-WNZSY,0.262
8216-AZUUZ,0.164
8225-BTJAU,0.342
3452-FLHYD,0.175
9480-BQJEI,0.356
7587-RZNME,0.296
5175-AOBHI,0.261
3372-CDXFJ,0.144
0722-TROQR,0.36
5236-PERKL,0.221
1498-NHTLT,0.10999999999999999
5846-ABOBJ,0.11299999999999999
4587-VVTOX,0.392
9087-EYCPR,0.1024
3096-YXENJ,0.198
3893-JRNFS,0.231
9297-FVVDH,0.099
9402-ORRAH,0.361
5968-VXZLG,0.26399999999999996
9647-ERGBE,0.5040000000000001
6838-HVLXG,0.20973333333333333
1187-WILMM,0.145
8201-AAXCB,0.358
2616-UUTFK,0.26399999999999996
7924-GJZFI,0.367
0114-RSRRW,0.263
0817-HSUSE,0.23199999999999998
9950-MTGYX,0.10400000000000001
1866-OBPNR,0.284
2645-QTLMB,0.40099999999999997
3884-UEBXB,0.10500000000000001
9866-QEVEE,0.31
9878-TNQGW,0.372
6204-IEUXJ,0.323
5868-YTYKS,0.271
7593-XFKDI,0.265
6267-DCFFZ,0.47800000000000004
4929-ROART,0.21349999999999997
7284-BUYEC,0.29400000000000004
9254-RBFON,0.27799999999999997
0621-TWIEM,0.296
7483-IQWIB,0.547
0268-QKIWO,0.25265
7596-IIWYC,0.11958333333333333
0330-IVZHA,0.337
9592-ERDKV,0.252
5590-YRFJT,0.296
2018-QKYGT,0.358
8952-WCVCD,0.41900000000000004
5364-XYIRR,0.422
9150-HEPMB,0.20099999999999998
5628-FCGYG,0.371
2495-INZWQ,0.331
8896-BQTTI,0.236
8496-EJAUI,0.344
0621-TSSMU,0.16699999999999998
8190-ZTQFB,0.311
8039-EQPIM,0.15500000000000003
1550-EENBN,0.317
1229-RCALF,0.384
4945-RVMTE,0.261
2474-LCNUE,0.269
3500-NSDOA,0.122
6145-NNPNO,0.273
3740-RLMVT,0.24100000000000002
3061-BCKYI,0.24100000000000002
3530-VWVGU,0.24500000000000002
9300-RENDD,0.404
2737-YNGYW,0.35300000000000004
7964-YESJC,0.193
2292-XQWSV,0.26
3878-AVSOQ,0.346
4893-GYUJU,0.16240000000000002
3913-RDSJZ,0.1024
5868-CZJDR,0.279
8800-ZKRFW,0.39300000000000007
8711-LOBKY,0.121
5186-PEIZU,0.2539166666666667
3999-QGRJH,0.33999999999999997
7743-EXURX,0.29100000000000004
3470-BTGQO,0.267
1087-GRUYI,0.1234
1098-KFQEC,0.092
2150-UWTFY,0.24800000000000005
4550-VBOFE,0.487
1810-MVMAI,0.24000000000000005
6695-FRVEC,0.10999999999999999
9067-YGSCA,0.16099999999999998
7168-HDQHG,0.24066666666666667
5797-APWZC,0.413
8069-YQQAJ,0.275
4806-DXQCE,0.121
6567-HOOPW,0.388
3253-HKOKL,0.24500000000000002
9754-CLVZW,0.22599999999999998
9906-NHHVC,0.20900000000000002
9415-ZNBSX,0.132
1447-PJGGA,0.223
0679-TDGAK,0.227
3345-PBBFH,0.251
2660-EMUBI,0.41200000000000003
6765-MBQNU,0.1779
6060-QBMGV,0.11299999999999999
4825-FUREZ,0.13723333333333332
2886-KEFUM,0.429
0743-HNPFG,0.236
8519-QJGJD,0.33599999999999997
5829-NVSQN,0.258
3675-EQOZA,0.24769999999999998
7607-QKKTJ,0.284
0748-RDGGM,0.5940000000000001
8189-DUKMV,0.16891666666666666
8746-OQQRW,0.22000000000000003
5214-CHIWJ,0.19790000000000002
2190-PHBHR,0.167
9817-APLHW,0.28300000000000003
8106-GWQOK,0.15399999999999997
5960-MVTUK,0.264
1353-GHZOS,0.251
7270-BDIOA,0.42000000000000004
8617-ENBDS,0.307
2987-BJXIK,0.09999999999999999
6177-PEVRA,0.122
8388-DMKAE,0.10640000000000001
7581-EBBOU,0.24899999999999997
5692-ICXLW,0.458
2436-QBZFP,0.34199999999999997
8015-IHCGW,0.10800000000000001
1120-BMWUB,0.231
5663-QBGIS,0.25600000000000006
2533-QVMSK,0.20299999999999999
3665-JATSN,0.328
0491-KAPQG,0.37
6402-EJMWF,0.26599999999999996
2984-TBYKU,0.159
8958-JPTRR,0.1964
3703-KBKZP,0.29700000000000004
2323-ARSVR,0.143
8868-WOZGU,0.466
2479-BRAMR,0.31199999999999994
2988-GBIVW,0.223
4584-LBNMK,0.15300000000000002
9297-EONCV,0.14400000000000002
4578-PHJYZ,0.23399999999999999
2541-YGPKE,0.242
2782-JEEBU,0.22000000000000003
8626-XHBIE,0.125
4106-HADHQ,0.265
8242-SOQUO,0.404
7126-RBHSD,0.33099999999999996
3757-NJYBX,0.42000000000000004
1657-DYMBM,0.11299999999999999
4123-DVHPH,0.25
5013-SBUIH,0.138
8237-ULIXL,0.095
0310-MVLET,0.5029999999999999
6645-MXQJT,0.37
2272-UOINI,0.20099999999999998
6061-GWWAV,0.22999999999999998
1357-BIJKI,0.39799999999999996
6088-BXMRG,0.5029999999999999
6701-DHKWQ,0.10600000000000001
9489-JMTTN,0.135
1622-HSHSF,0.2534
2674-MLXMN,0.29100000000000004
8917-FAEMR,0.11556666666666666
3692-JHONH,0.379
0148-DCDOS,0.40700000000000003
3904-UKFRE,0.3
1663-MHLHE,0.238
3082-WQRVY,0.16199999999999998
7083-YNSKY,0.28300000000000003
4102-OQUPX,0.358
2833-SLKDQ,0.26399999999999996
1686-STUHN,0.1702
4827-LTQRJ,0.291
9027-YFHQJ,0.248
1728-BQDMA,0.28800000000000003
8148-BPLZQ,0.296
1488-PBLJN,0.179
8413-YNHNV,0.11600000000000002
1564-HJUVY,0.205
8875-AKBYH,0.42700000000000005
3932-IJWDZ,0.375
2947-DOMLJ,0.219
1157-BQCUW,0.372
6384-VMJHP,0.11299999999999999
6036-TTFYU,0.21973333333333334
7572-KPVKK,0.236
5931-FLJJF,0.358
9742-XOKTS,0.273
3208-YPIOE,0.37
9415-DPEWS,0.42000000000000004
3219-JQRSL,0.2
9050-IKDZA,0.356
9842-EFSYY,0.25
3186-BAXNB,0.43499999999999994
2207-RYYRL,0.121
5934-RMPOV,0.391
8966-KZXXA,0.10840000000000001
4695-VADHF,0.305
3318-NMQXL,0.39699999999999996
5226-NOZFC,0.426
5863-OOKCL,0.20473333333333335
7639-SUPCW,0.254
3055-VTCGS,0.238
2746-DIJLO,0.211
1307-ATKGB,0.342
6480-YAGIY,0.501
6322-PJJDJ,0.20799999999999996
0151-ONTOV,0.29766666666666663
6419-ZTTLE,0.19
9467-ROOLM,0.21465
8993-IZEUX,0.322
4818-QIUFN,0.283
3097-PYWXL,0.31166666666666665
3230-IUALN,0.081
9643-AVVWI,0.31100000000000005
3976-HXHCE,0.123
2432-TFSMK,0.299
3812-LRZIR,0.11933333333333333
5985-TBABQ,0.23199999999999998
7134-HBPBS,0.162
7925-PNRGI,0.24500000000000002
9799-CAYJJ,0.367
2961-VNFKL,0.101
1839-UMACK,0.26103333333333334
4280-DLSHD,0.229
9629-NHXFW,0.314
2400-XIWIO,0.091
7143-BQIBA,0.207
2452-KDRRH,0.305
3569-EDBPQ,0.292
7339-POGZN,0.30100000000000005
8229-TNIQA,0.261
2013-SGDXK,0.445
6184-DYUOB,0.28498333333333337
2933-FILNV,0.265
3890-RTCMS,0.21400000000000002
1784-EZDKJ,0.42700000000000005
9133-AYJZG,0.371
2155-AMQRX,0.263
9134-WYRVP,0.24
1045-LTCYT,0.24100000000000002
9769-TSBZE,0.101
9640-ZSLDC,0.201
4223-BKEOR,0.188
6097-EQISJ,0.32799999999999996
3165-HDOEW,0.259
5895-QSXOD,0.324
2777-PHDEI,0.414
2408-TZMJL,0.37
8628-MFKAX,0.17800000000000002
5310-NOOVA,0.15936666666666666
5951-AOFIH,0.279
2428-ZMCTB,0.248
1548-ARAGG,0.255
5312-IRCFR,0.29900000000000004
9278-VZKCD,0.227
4690-LLKUA,0.28700000000000003
6064-PUPMC,0.20299999999999999
9143-CANJF,0.21200000000000002
9470-RTWDV,0.267
7996-BPXHY,0.11599999999999999
4821-WQOYN,0.094
6583-KQJLK,0.40499999999999997
6137-MFAJN,0.27999999999999997
9710-ZUSHQ,0.251
7665-TOALD,0.35
4625-XMOYM,0.11299999999999999
0495-RVCBF,0.34900000000000003
3977-QCRSL,0.20473333333333335
1139-WUOAH,0.158
9522-ZSINC,0.23399999999999999
8851-RAGOV,0.16899999999999998
9975-SKRNR,0.238
8221-HVAYI,0.11500000000000002
4660-IRIBM,0.341
5268-DSMNQ,0.24700000000000003
2880-FPNAE,0.35300000000000004
7041-TXQJH,0.24500000000000002
6198-RTPMF,0.45899999999999996
